ws,wd,WT1,WT2,WT3,WT4,WT5,WT6,WT7,WT8,WT9
0.0,0.0,0.0,0.0,0.0,0.0,0.0,0.0,0.0,0.0,0.0
0.0,3.0,0.0,0.0,0.0,0.0,0.0,0.0,0.0,0.0,0.0
0.0,6.0,0.0,0.0,0.0,0.0,0.0,0.0,0.0,0.0,0.0
0.0,9.0,0.0,0.0,0.0,0.0,0.0,0.0,0.0,0.0,0.0
0.0,12.0,0.0,0.0,0.0,0.0,0.0,0.0,0.0,0.0,0.0
0.0,15.0,0.0,0.0,0.0,0.0,0.0,0.0,0.0,0.0,0.0
0.0,18.0,0.0,0.0,0.0,0.0,0.0,0.0,0.0,0.0,0.0
0.0,21.0,0.0,0.0,0.0,0.0,0.0,0.0,0.0,0.0,0.0
0.0,24.0,0.0,0.0,0.0,0.0,0.0,0.0,0.0,0.0,0.0
0.0,27.0,0.0,0.0,0.0,0.0,0.0,0.0,0.0,0.0,0.0
0.0,30.0,0.0,0.0,0.0,0.0,0.0,0.0,0.0,0.0,0.0
0.0,33.0,0.0,0.0,0.0,0.0,0.0,0.0,0.0,0.0,0.0
0.0,36.0,0.0,0.0,0.0,0.0,0.0,0.0,0.0,0.0,0.0
0.0,39.0,0.0,0.0,0.0,0.0,0.0,0.0,0.0,0.0,0.0
0.0,42.0,0.0,0.0,0.0,0.0,0.0,0.0,0.0,0.0,0.0
0.0,45.0,0.0,0.0,0.0,0.0,0.0,0.0,0.0,0.0,0.0
0.0,48.0,0.0,0.0,0.0,0.0,0.0,0.0,0.0,0.0,0.0
0.0,51.0,0.0,0.0,0.0,0.0,0.0,0.0,0.0,0.0,0.0
0.0,54.0,0.0,0.0,0.0,0.0,0.0,0.0,0.0,0.0,0.0
0.0,57.0,0.0,0.0,0.0,0.0,0.0,0.0,0.0,0.0,0.0
0.0,60.0,0.0,0.0,0.0,0.0,0.0,0.0,0.0,0.0,0.0
0.0,63.0,0.0,0.0,0.0,0.0,0.0,0.0,0.0,0.0,0.0
0.0,66.0,0.0,0.0,0.0,0.0,0.0,0.0,0.0,0.0,0.0
0.0,69.0,0.0,0.0,0.0,0.0,0.0,0.0,0.0,0.0,0.0
0.0,72.0,0.0,0.0,0.0,0.0,0.0,0.0,0.0,0.0,0.0
0.0,75.0,0.0,0.0,0.0,0.0,0.0,0.0,0.0,0.0,0.0
0.0,78.0,0.0,0.0,0.0,0.0,0.0,0.0,0.0,0.0,0.0
0.0,81.0,0.0,0.0,0.0,0.0,0.0,0.0,0.0,0.0,0.0
0.0,84.0,0.0,0.0,0.0,0.0,0.0,0.0,0.0,0.0,0.0
0.0,87.0,0.0,0.0,0.0,0.0,0.0,0.0,0.0,0.0,0.0
0.0,90.0,0.0,0.0,0.0,0.0,0.0,0.0,0.0,0.0,0.0
0.0,93.0,0.0,0.0,0.0,0.0,0.0,0.0,0.0,0.0,0.0
0.0,96.0,0.0,0.0,0.0,0.0,0.0,0.0,0.0,0.0,0.0
0.0,99.0,0.0,0.0,0.0,0.0,0.0,0.0,0.0,0.0,0.0
0.0,102.0,0.0,0.0,0.0,0.0,0.0,0.0,0.0,0.0,0.0
0.0,105.0,0.0,0.0,0.0,0.0,0.0,0.0,0.0,0.0,0.0
0.0,108.0,0.0,0.0,0.0,0.0,0.0,0.0,0.0,0.0,0.0
0.0,111.0,0.0,0.0,0.0,0.0,0.0,0.0,0.0,0.0,0.0
0.0,114.0,0.0,0.0,0.0,0.0,0.0,0.0,0.0,0.0,0.0
0.0,117.0,0.0,0.0,0.0,0.0,0.0,0.0,0.0,0.0,0.0
0.0,120.0,0.0,0.0,0.0,0.0,0.0,0.0,0.0,0.0,0.0
0.0,123.0,0.0,0.0,0.0,0.0,0.0,0.0,0.0,0.0,0.0
0.0,126.0,0.0,0.0,0.0,0.0,0.0,0.0,0.0,0.0,0.0
0.0,129.0,0.0,0.0,0.0,0.0,0.0,0.0,0.0,0.0,0.0
0.0,132.0,0.0,0.0,0.0,0.0,0.0,0.0,0.0,0.0,0.0
0.0,135.0,0.0,0.0,0.0,0.0,0.0,0.0,0.0,0.0,0.0
0.0,138.0,0.0,0.0,0.0,0.0,0.0,0.0,0.0,0.0,0.0
0.0,141.0,0.0,0.0,0.0,0.0,0.0,0.0,0.0,0.0,0.0
0.0,144.0,0.0,0.0,0.0,0.0,0.0,0.0,0.0,0.0,0.0
0.0,147.0,0.0,0.0,0.0,0.0,0.0,0.0,0.0,0.0,0.0
0.0,150.0,0.0,0.0,0.0,0.0,0.0,0.0,0.0,0.0,0.0
0.0,153.0,0.0,0.0,0.0,0.0,0.0,0.0,0.0,0.0,0.0
0.0,156.0,0.0,0.0,0.0,0.0,0.0,0.0,0.0,0.0,0.0
0.0,159.0,0.0,0.0,0.0,0.0,0.0,0.0,0.0,0.0,0.0
0.0,162.0,0.0,0.0,0.0,0.0,0.0,0.0,0.0,0.0,0.0
0.0,165.0,0.0,0.0,0.0,0.0,0.0,0.0,0.0,0.0,0.0
0.0,168.0,0.0,0.0,0.0,0.0,0.0,0.0,0.0,0.0,0.0
0.0,171.0,0.0,0.0,0.0,0.0,0.0,0.0,0.0,0.0,0.0
0.0,174.0,0.0,0.0,0.0,0.0,0.0,0.0,0.0,0.0,0.0
0.0,177.0,0.0,0.0,0.0,0.0,0.0,0.0,0.0,0.0,0.0
0.0,180.0,0.0,0.0,0.0,0.0,0.0,0.0,0.0,0.0,0.0
0.0,183.0,0.0,0.0,0.0,0.0,0.0,0.0,0.0,0.0,0.0
0.0,186.0,0.0,0.0,0.0,0.0,0.0,0.0,0.0,0.0,0.0
0.0,189.0,0.0,0.0,0.0,0.0,0.0,0.0,0.0,0.0,0.0
0.0,192.0,0.0,0.0,0.0,0.0,0.0,0.0,0.0,0.0,0.0
0.0,195.0,0.0,0.0,0.0,0.0,0.0,0.0,0.0,0.0,0.0
0.0,198.0,0.0,0.0,0.0,0.0,0.0,0.0,0.0,0.0,0.0
0.0,201.0,0.0,0.0,0.0,0.0,0.0,0.0,0.0,0.0,0.0
0.0,204.0,0.0,0.0,0.0,0.0,0.0,0.0,0.0,0.0,0.0
0.0,207.0,0.0,0.0,0.0,0.0,0.0,0.0,0.0,0.0,0.0
0.0,210.0,0.0,0.0,0.0,0.0,0.0,0.0,0.0,0.0,0.0
0.0,213.0,0.0,0.0,0.0,0.0,0.0,0.0,0.0,0.0,0.0
0.0,216.0,0.0,0.0,0.0,0.0,0.0,0.0,0.0,0.0,0.0
0.0,219.0,0.0,0.0,0.0,0.0,0.0,0.0,0.0,0.0,0.0
0.0,222.0,0.0,0.0,0.0,0.0,0.0,0.0,0.0,0.0,0.0
0.0,225.0,0.0,0.0,0.0,0.0,0.0,0.0,0.0,0.0,0.0
0.0,228.0,0.0,0.0,0.0,0.0,0.0,0.0,0.0,0.0,0.0
0.0,231.0,0.0,0.0,0.0,0.0,0.0,0.0,0.0,0.0,0.0
0.0,234.0,0.0,0.0,0.0,0.0,0.0,0.0,0.0,0.0,0.0
0.0,237.0,0.0,0.0,0.0,0.0,0.0,0.0,0.0,0.0,0.0
0.0,240.0,0.0,0.0,0.0,0.0,0.0,0.0,0.0,0.0,0.0
0.0,243.0,0.0,0.0,0.0,0.0,0.0,0.0,0.0,0.0,0.0
0.0,246.0,0.0,0.0,0.0,0.0,0.0,0.0,0.0,0.0,0.0
0.0,249.0,0.0,0.0,0.0,0.0,0.0,0.0,0.0,0.0,0.0
0.0,252.0,0.0,0.0,0.0,0.0,0.0,0.0,0.0,0.0,0.0
0.0,255.0,0.0,0.0,0.0,0.0,0.0,0.0,0.0,0.0,0.0
0.0,258.0,0.0,0.0,0.0,0.0,0.0,0.0,0.0,0.0,0.0
0.0,261.0,0.0,0.0,0.0,0.0,0.0,0.0,0.0,0.0,0.0
0.0,264.0,0.0,0.0,0.0,0.0,0.0,0.0,0.0,0.0,0.0
0.0,267.0,0.0,0.0,0.0,0.0,0.0,0.0,0.0,0.0,0.0
0.0,270.0,0.0,0.0,0.0,0.0,0.0,0.0,0.0,0.0,0.0
0.0,273.0,0.0,0.0,0.0,0.0,0.0,0.0,0.0,0.0,0.0
0.0,276.0,0.0,0.0,0.0,0.0,0.0,0.0,0.0,0.0,0.0
0.0,279.0,0.0,0.0,0.0,0.0,0.0,0.0,0.0,0.0,0.0
0.0,282.0,0.0,0.0,0.0,0.0,0.0,0.0,0.0,0.0,0.0
0.0,285.0,0.0,0.0,0.0,0.0,0.0,0.0,0.0,0.0,0.0
0.0,288.0,0.0,0.0,0.0,0.0,0.0,0.0,0.0,0.0,0.0
0.0,291.0,0.0,0.0,0.0,0.0,0.0,0.0,0.0,0.0,0.0
0.0,294.0,0.0,0.0,0.0,0.0,0.0,0.0,0.0,0.0,0.0
0.0,297.0,0.0,0.0,0.0,0.0,0.0,0.0,0.0,0.0,0.0
0.0,300.0,0.0,0.0,0.0,0.0,0.0,0.0,0.0,0.0,0.0
0.0,303.0,0.0,0.0,0.0,0.0,0.0,0.0,0.0,0.0,0.0
0.0,306.0,0.0,0.0,0.0,0.0,0.0,0.0,0.0,0.0,0.0
0.0,309.0,0.0,0.0,0.0,0.0,0.0,0.0,0.0,0.0,0.0
0.0,312.0,0.0,0.0,0.0,0.0,0.0,0.0,0.0,0.0,0.0
0.0,315.0,0.0,0.0,0.0,0.0,0.0,0.0,0.0,0.0,0.0
0.0,318.0,0.0,0.0,0.0,0.0,0.0,0.0,0.0,0.0,0.0
0.0,321.0,0.0,0.0,0.0,0.0,0.0,0.0,0.0,0.0,0.0
0.0,324.0,0.0,0.0,0.0,0.0,0.0,0.0,0.0,0.0,0.0
0.0,327.0,0.0,0.0,0.0,0.0,0.0,0.0,0.0,0.0,0.0
0.0,330.0,0.0,0.0,0.0,0.0,0.0,0.0,0.0,0.0,0.0
0.0,333.0,0.0,0.0,0.0,0.0,0.0,0.0,0.0,0.0,0.0
0.0,336.0,0.0,0.0,0.0,0.0,0.0,0.0,0.0,0.0,0.0
0.0,339.0,0.0,0.0,0.0,0.0,0.0,0.0,0.0,0.0,0.0
0.0,342.0,0.0,0.0,0.0,0.0,0.0,0.0,0.0,0.0,0.0
0.0,345.0,0.0,0.0,0.0,0.0,0.0,0.0,0.0,0.0,0.0
0.0,348.0,0.0,0.0,0.0,0.0,0.0,0.0,0.0,0.0,0.0
0.0,351.0,0.0,0.0,0.0,0.0,0.0,0.0,0.0,0.0,0.0
0.0,354.0,0.0,0.0,0.0,0.0,0.0,0.0,0.0,0.0,0.0
0.0,357.0,0.0,0.0,0.0,0.0,0.0,0.0,0.0,0.0,0.0
3.999,0.0,0.0,0.0,0.0,0.0,0.0,0.0,0.0,0.0,0.0
3.999,3.0,0.0,0.0,0.0,0.0,0.0,0.0,0.0,0.0,0.0
3.999,6.0,0.0,0.0,0.0,0.0,0.0,0.0,0.0,0.0,0.0
3.999,9.0,0.0,0.0,0.0,0.0,0.0,0.0,0.0,0.0,0.0
3.999,12.0,0.0,0.0,0.0,0.0,0.0,0.0,0.0,0.0,0.0
3.999,15.0,0.0,0.0,0.0,0.0,0.0,0.0,0.0,0.0,0.0
3.999,18.0,0.0,0.0,0.0,0.0,0.0,0.0,0.0,0.0,0.0
3.999,21.0,0.0,0.0,0.0,0.0,0.0,0.0,0.0,0.0,0.0
3.999,24.0,0.0,0.0,0.0,0.0,0.0,0.0,0.0,0.0,0.0
3.999,27.0,0.0,0.0,0.0,0.0,0.0,0.0,0.0,0.0,0.0
3.999,30.0,0.0,0.0,0.0,0.0,0.0,0.0,0.0,0.0,0.0
3.999,33.0,0.0,0.0,0.0,0.0,0.0,0.0,0.0,0.0,0.0
3.999,36.0,0.0,0.0,0.0,0.0,0.0,0.0,0.0,0.0,0.0
3.999,39.0,0.0,0.0,0.0,0.0,0.0,0.0,0.0,0.0,0.0
3.999,42.0,0.0,0.0,0.0,0.0,0.0,0.0,0.0,0.0,0.0
3.999,45.0,0.0,0.0,0.0,0.0,0.0,0.0,0.0,0.0,0.0
3.999,48.0,0.0,0.0,0.0,0.0,0.0,0.0,0.0,0.0,0.0
3.999,51.0,0.0,0.0,0.0,0.0,0.0,0.0,0.0,0.0,0.0
3.999,54.0,0.0,0.0,0.0,0.0,0.0,0.0,0.0,0.0,0.0
3.999,57.0,0.0,0.0,0.0,0.0,0.0,0.0,0.0,0.0,0.0
3.999,60.0,0.0,0.0,0.0,0.0,0.0,0.0,0.0,0.0,0.0
3.999,63.0,0.0,0.0,0.0,0.0,0.0,0.0,0.0,0.0,0.0
3.999,66.0,0.0,0.0,0.0,0.0,0.0,0.0,0.0,0.0,0.0
3.999,69.0,0.0,0.0,0.0,0.0,0.0,0.0,0.0,0.0,0.0
3.999,72.0,0.0,0.0,0.0,0.0,0.0,0.0,0.0,0.0,0.0
3.999,75.0,0.0,0.0,0.0,0.0,0.0,0.0,0.0,0.0,0.0
3.999,78.0,0.0,0.0,0.0,0.0,0.0,0.0,0.0,0.0,0.0
3.999,81.0,0.0,0.0,0.0,0.0,0.0,0.0,0.0,0.0,0.0
3.999,84.0,0.0,0.0,0.0,0.0,0.0,0.0,0.0,0.0,0.0
3.999,87.0,0.0,0.0,0.0,0.0,0.0,0.0,0.0,0.0,0.0
3.999,90.0,0.0,0.0,0.0,0.0,0.0,0.0,0.0,0.0,0.0
3.999,93.0,0.0,0.0,0.0,0.0,0.0,0.0,0.0,0.0,0.0
3.999,96.0,0.0,0.0,0.0,0.0,0.0,0.0,0.0,0.0,0.0
3.999,99.0,0.0,0.0,0.0,0.0,0.0,0.0,0.0,0.0,0.0
3.999,102.0,0.0,0.0,0.0,0.0,0.0,0.0,0.0,0.0,0.0
3.999,105.0,0.0,0.0,0.0,0.0,0.0,0.0,0.0,0.0,0.0
3.999,108.0,0.0,0.0,0.0,0.0,0.0,0.0,0.0,0.0,0.0
3.999,111.0,0.0,0.0,0.0,0.0,0.0,0.0,0.0,0.0,0.0
3.999,114.0,0.0,0.0,0.0,0.0,0.0,0.0,0.0,0.0,0.0
3.999,117.0,0.0,0.0,0.0,0.0,0.0,0.0,0.0,0.0,0.0
3.999,120.0,0.0,0.0,0.0,0.0,0.0,0.0,0.0,0.0,0.0
3.999,123.0,0.0,0.0,0.0,0.0,0.0,0.0,0.0,0.0,0.0
3.999,126.0,0.0,0.0,0.0,0.0,0.0,0.0,0.0,0.0,0.0
3.999,129.0,0.0,0.0,0.0,0.0,0.0,0.0,0.0,0.0,0.0
3.999,132.0,0.0,0.0,0.0,0.0,0.0,0.0,0.0,0.0,0.0
3.999,135.0,0.0,0.0,0.0,0.0,0.0,0.0,0.0,0.0,0.0
3.999,138.0,0.0,0.0,0.0,0.0,0.0,0.0,0.0,0.0,0.0
3.999,141.0,0.0,0.0,0.0,0.0,0.0,0.0,0.0,0.0,0.0
3.999,144.0,0.0,0.0,0.0,0.0,0.0,0.0,0.0,0.0,0.0
3.999,147.0,0.0,0.0,0.0,0.0,0.0,0.0,0.0,0.0,0.0
3.999,150.0,0.0,0.0,0.0,0.0,0.0,0.0,0.0,0.0,0.0
3.999,153.0,0.0,0.0,0.0,0.0,0.0,0.0,0.0,0.0,0.0
3.999,156.0,0.0,0.0,0.0,0.0,0.0,0.0,0.0,0.0,0.0
3.999,159.0,0.0,0.0,0.0,0.0,0.0,0.0,0.0,0.0,0.0
3.999,162.0,0.0,0.0,0.0,0.0,0.0,0.0,0.0,0.0,0.0
3.999,165.0,0.0,0.0,0.0,0.0,0.0,0.0,0.0,0.0,0.0
3.999,168.0,0.0,0.0,0.0,0.0,0.0,0.0,0.0,0.0,0.0
3.999,171.0,0.0,0.0,0.0,0.0,0.0,0.0,0.0,0.0,0.0
3.999,174.0,0.0,0.0,0.0,0.0,0.0,0.0,0.0,0.0,0.0
3.999,177.0,0.0,0.0,0.0,0.0,0.0,0.0,0.0,0.0,0.0
3.999,180.0,0.0,0.0,0.0,0.0,0.0,0.0,0.0,0.0,0.0
3.999,183.0,0.0,0.0,0.0,0.0,0.0,0.0,0.0,0.0,0.0
3.999,186.0,0.0,0.0,0.0,0.0,0.0,0.0,0.0,0.0,0.0
3.999,189.0,0.0,0.0,0.0,0.0,0.0,0.0,0.0,0.0,0.0
3.999,192.0,0.0,0.0,0.0,0.0,0.0,0.0,0.0,0.0,0.0
3.999,195.0,0.0,0.0,0.0,0.0,0.0,0.0,0.0,0.0,0.0
3.999,198.0,0.0,0.0,0.0,0.0,0.0,0.0,0.0,0.0,0.0
3.999,201.0,0.0,0.0,0.0,0.0,0.0,0.0,0.0,0.0,0.0
3.999,204.0,0.0,0.0,0.0,0.0,0.0,0.0,0.0,0.0,0.0
3.999,207.0,0.0,0.0,0.0,0.0,0.0,0.0,0.0,0.0,0.0
3.999,210.0,0.0,0.0,0.0,0.0,0.0,0.0,0.0,0.0,0.0
3.999,213.0,0.0,0.0,0.0,0.0,0.0,0.0,0.0,0.0,0.0
3.999,216.0,0.0,0.0,0.0,0.0,0.0,0.0,0.0,0.0,0.0
3.999,219.0,0.0,0.0,0.0,0.0,0.0,0.0,0.0,0.0,0.0
3.999,222.0,0.0,0.0,0.0,0.0,0.0,0.0,0.0,0.0,0.0
3.999,225.0,0.0,0.0,0.0,0.0,0.0,0.0,0.0,0.0,0.0
3.999,228.0,0.0,0.0,0.0,0.0,0.0,0.0,0.0,0.0,0.0
3.999,231.0,0.0,0.0,0.0,0.0,0.0,0.0,0.0,0.0,0.0
3.999,234.0,0.0,0.0,0.0,0.0,0.0,0.0,0.0,0.0,0.0
3.999,237.0,0.0,0.0,0.0,0.0,0.0,0.0,0.0,0.0,0.0
3.999,240.0,0.0,0.0,0.0,0.0,0.0,0.0,0.0,0.0,0.0
3.999,243.0,0.0,0.0,0.0,0.0,0.0,0.0,0.0,0.0,0.0
3.999,246.0,0.0,0.0,0.0,0.0,0.0,0.0,0.0,0.0,0.0
3.999,249.0,0.0,0.0,0.0,0.0,0.0,0.0,0.0,0.0,0.0
3.999,252.0,0.0,0.0,0.0,0.0,0.0,0.0,0.0,0.0,0.0
3.999,255.0,0.0,0.0,0.0,0.0,0.0,0.0,0.0,0.0,0.0
3.999,258.0,0.0,0.0,0.0,0.0,0.0,0.0,0.0,0.0,0.0
3.999,261.0,0.0,0.0,0.0,0.0,0.0,0.0,0.0,0.0,0.0
3.999,264.0,0.0,0.0,0.0,0.0,0.0,0.0,0.0,0.0,0.0
3.999,267.0,0.0,0.0,0.0,0.0,0.0,0.0,0.0,0.0,0.0
3.999,270.0,0.0,0.0,0.0,0.0,0.0,0.0,0.0,0.0,0.0
3.999,273.0,0.0,0.0,0.0,0.0,0.0,0.0,0.0,0.0,0.0
3.999,276.0,0.0,0.0,0.0,0.0,0.0,0.0,0.0,0.0,0.0
3.999,279.0,0.0,0.0,0.0,0.0,0.0,0.0,0.0,0.0,0.0
3.999,282.0,0.0,0.0,0.0,0.0,0.0,0.0,0.0,0.0,0.0
3.999,285.0,0.0,0.0,0.0,0.0,0.0,0.0,0.0,0.0,0.0
3.999,288.0,0.0,0.0,0.0,0.0,0.0,0.0,0.0,0.0,0.0
3.999,291.0,0.0,0.0,0.0,0.0,0.0,0.0,0.0,0.0,0.0
3.999,294.0,0.0,0.0,0.0,0.0,0.0,0.0,0.0,0.0,0.0
3.999,297.0,0.0,0.0,0.0,0.0,0.0,0.0,0.0,0.0,0.0
3.999,300.0,0.0,0.0,0.0,0.0,0.0,0.0,0.0,0.0,0.0
3.999,303.0,0.0,0.0,0.0,0.0,0.0,0.0,0.0,0.0,0.0
3.999,306.0,0.0,0.0,0.0,0.0,0.0,0.0,0.0,0.0,0.0
3.999,309.0,0.0,0.0,0.0,0.0,0.0,0.0,0.0,0.0,0.0
3.999,312.0,0.0,0.0,0.0,0.0,0.0,0.0,0.0,0.0,0.0
3.999,315.0,0.0,0.0,0.0,0.0,0.0,0.0,0.0,0.0,0.0
3.999,318.0,0.0,0.0,0.0,0.0,0.0,0.0,0.0,0.0,0.0
3.999,321.0,0.0,0.0,0.0,0.0,0.0,0.0,0.0,0.0,0.0
3.999,324.0,0.0,0.0,0.0,0.0,0.0,0.0,0.0,0.0,0.0
3.999,327.0,0.0,0.0,0.0,0.0,0.0,0.0,0.0,0.0,0.0
3.999,330.0,0.0,0.0,0.0,0.0,0.0,0.0,0.0,0.0,0.0
3.999,333.0,0.0,0.0,0.0,0.0,0.0,0.0,0.0,0.0,0.0
3.999,336.0,0.0,0.0,0.0,0.0,0.0,0.0,0.0,0.0,0.0
3.999,339.0,0.0,0.0,0.0,0.0,0.0,0.0,0.0,0.0,0.0
3.999,342.0,0.0,0.0,0.0,0.0,0.0,0.0,0.0,0.0,0.0
3.999,345.0,0.0,0.0,0.0,0.0,0.0,0.0,0.0,0.0,0.0
3.999,348.0,0.0,0.0,0.0,0.0,0.0,0.0,0.0,0.0,0.0
3.999,351.0,0.0,0.0,0.0,0.0,0.0,0.0,0.0,0.0,0.0
3.999,354.0,0.0,0.0,0.0,0.0,0.0,0.0,0.0,0.0,0.0
3.999,357.0,0.0,0.0,0.0,0.0,0.0,0.0,0.0,0.0,0.0
4.0,0.0,15.9375,15.9375,-15.9375,0.0,0.0,0.0,0.0,0.0,0.0
4.0,3.0,9.375,9.375,9.375,0.0,0.0,0.0,0.0,0.0,0.0
4.0,6.0,4.6875,4.6875,4.6875,0.0,0.0,0.0,0.0,0.0,0.0
4.0,9.0,5.625,5.625,5.625,4.6875,4.6875,4.6875,0.0,0.0,0.0
4.0,12.0,1.875,1.875,1.875,0.9375,0.9375,0.9375,0.0,0.0,0.0
4.0,15.0,0.0,0.0,0.0,0.0,0.0,0.0,0.0,0.0,0.0
4.0,18.0,0.0,0.0,0.0,0.0,0.0,0.0,0.0,0.0,0.0
4.0,21.0,0.0,-2.8125,-2.8125,0.0,0.0,0.0,0.0,0.0,0.0
4.0,24.0,0.0,-7.5,-7.5,0.0,0.0,0.0,0.0,0.0,0.0
4.0,27.0,0.0,0.0,0.0,0.0,0.0,0.0,0.0,0.0,0.0
4.0,30.0,0.0,5.625,5.625,0.0,0.0,0.0,0.0,0.0,0.0
4.0,33.0,0.0,0.0,0.0,0.0,0.0,0.0,0.0,0.0,0.0
4.0,36.0,0.0,-1.875,-0.9375,0.0,-0.9375,-2.8125,0.0,0.0,0.0
4.0,39.0,0.0,-7.5,-5.625,0.0,-4.6875,-7.5,0.0,0.0,0.0
4.0,42.0,0.0,-11.25,-5.625,0.0,0.0,-11.25,0.0,0.0,0.0
4.0,45.0,0.0,0.0,0.0,0.0,0.0,0.0,0.0,0.0,0.0
4.0,48.0,0.0,11.25,5.625,0.0,0.0,11.25,0.0,0.0,0.0
4.0,51.0,0.0,7.5,5.625,0.0,4.6875,7.5,0.0,0.0,0.0
4.0,54.0,0.0,2.8125,0.9375,0.0,0.9375,1.875,0.0,0.0,0.0
4.0,57.0,0.0,0.0,0.0,0.0,0.0,0.0,0.0,0.0,0.0
4.0,60.0,0.0,0.0,-5.625,0.0,0.0,-5.625,0.0,0.0,0.0
4.0,63.0,0.0,0.0,0.0,0.0,0.0,0.0,0.0,0.0,0.0
4.0,66.0,0.0,0.0,7.5,0.0,0.0,7.5,0.0,0.0,0.0
4.0,69.0,0.0,0.0,2.8125,0.0,0.0,2.8125,0.0,0.0,0.0
4.0,72.0,0.0,0.0,0.0,0.0,0.0,0.0,0.0,0.0,0.0
4.0,75.0,0.0,0.0,0.0,0.0,0.0,0.0,0.0,0.0,0.0
4.0,78.0,0.0,-0.9375,-1.875,0.0,-0.9375,-1.875,0.0,-0.9375,-1.875
4.0,81.0,0.0,-4.6875,-5.625,0.0,-4.6875,-5.625,0.0,-4.6875,-5.625
4.0,84.0,0.0,0.0,-4.6875,0.0,0.0,-4.6875,0.0,0.0,-4.6875
4.0,87.0,0.0,0.0,-9.375,0.0,0.0,-9.375,0.0,0.0,-9.375
4.0,90.0,0.0,0.0,-15.9375,0.0,0.0,-15.9375,0.0,0.0,-15.9375
4.0,93.0,0.0,0.0,9.375,0.0,0.0,9.375,0.0,0.0,9.375
4.0,96.0,0.0,0.0,4.6875,0.0,0.0,4.6875,0.0,0.0,4.6875
4.0,99.0,0.0,4.6875,5.625,0.0,4.6875,5.625,0.0,4.6875,5.625
4.0,102.0,0.0,0.9375,1.875,0.0,0.9375,1.875,0.0,0.9375,1.875
4.0,105.0,0.0,0.0,0.0,0.0,0.0,0.0,0.0,0.0,0.0
4.0,108.0,0.0,0.0,0.0,0.0,0.0,0.0,0.0,0.0,0.0
4.0,111.0,0.0,0.0,0.0,0.0,0.0,-2.8125,0.0,0.0,-2.8125
4.0,114.0,0.0,0.0,0.0,0.0,0.0,-7.5,0.0,0.0,-7.5
4.0,117.0,0.0,0.0,0.0,0.0,0.0,0.0,0.0,0.0,0.0
4.0,120.0,0.0,0.0,0.0,0.0,0.0,5.625,0.0,0.0,5.625
4.0,123.0,0.0,0.0,0.0,0.0,0.0,0.0,0.0,0.0,0.0
4.0,126.0,0.0,0.0,0.0,0.0,-0.9375,-1.875,0.0,-2.8125,-0.9375
4.0,129.0,0.0,0.0,0.0,0.0,-4.6875,-7.5,0.0,-7.5,-5.625
4.0,132.0,0.0,0.0,0.0,0.0,0.0,-11.25,0.0,-11.25,-5.625
4.0,135.0,0.0,0.0,0.0,0.0,0.0,0.0,0.0,0.0,0.0
4.0,138.0,0.0,0.0,0.0,0.0,0.0,11.25,0.0,11.25,5.625
4.0,141.0,0.0,0.0,0.0,0.0,4.6875,7.5,0.0,7.5,5.625
4.0,144.0,0.0,0.0,0.0,0.0,0.9375,2.8125,0.0,1.875,0.9375
4.0,147.0,0.0,0.0,0.0,0.0,0.0,0.0,0.0,0.0,0.0
4.0,150.0,0.0,0.0,0.0,0.0,0.0,0.0,0.0,-5.625,-5.625
4.0,153.0,0.0,0.0,0.0,0.0,0.0,0.0,0.0,0.0,0.0
4.0,156.0,0.0,0.0,0.0,0.0,0.0,0.0,0.0,7.5,7.5
4.0,159.0,0.0,0.0,0.0,0.0,0.0,0.0,0.0,2.8125,2.8125
4.0,162.0,0.0,0.0,0.0,0.0,0.0,0.0,0.0,0.0,0.0
4.0,165.0,0.0,0.0,0.0,0.0,0.0,0.0,0.0,0.0,0.0
4.0,168.0,0.0,0.0,0.0,-0.9375,-0.9375,-0.9375,-1.875,-1.875,-1.875
4.0,171.0,0.0,0.0,0.0,-4.6875,-4.6875,-4.6875,-5.625,-5.625,-5.625
4.0,174.0,0.0,0.0,0.0,0.0,0.0,0.0,-4.6875,-4.6875,-4.6875
4.0,177.0,0.0,0.0,0.0,0.0,0.0,0.0,-9.375,-9.375,-9.375
4.0,180.0,0.0,0.0,0.0,0.0,0.0,0.0,-15.9375,-15.9375,-15.9375
4.0,183.0,0.0,0.0,0.0,0.0,0.0,0.0,9.375,9.375,9.375
4.0,186.0,0.0,0.0,0.0,0.0,0.0,0.0,4.6875,4.6875,4.6875
4.0,189.0,0.0,0.0,0.0,4.6875,4.6875,4.6875,5.625,5.625,5.625
4.0,192.0,0.0,0.0,0.0,0.9375,0.9375,0.9375,1.875,1.875,1.875
4.0,195.0,0.0,0.0,0.0,0.0,0.0,0.0,0.0,0.0,0.0
4.0,198.0,0.0,0.0,0.0,0.0,0.0,0.0,0.0,0.0,0.0
4.0,201.0,0.0,0.0,0.0,0.0,0.0,0.0,-2.8125,-2.8125,0.0
4.0,204.0,0.0,0.0,0.0,0.0,0.0,0.0,-7.5,-7.5,0.0
4.0,207.0,0.0,0.0,0.0,0.0,0.0,0.0,0.0,0.0,0.0
4.0,210.0,0.0,0.0,0.0,0.0,0.0,0.0,5.625,5.625,0.0
4.0,213.0,0.0,0.0,0.0,0.0,0.0,0.0,0.0,0.0,0.0
4.0,216.0,0.0,0.0,0.0,-2.8125,-0.9375,0.0,-0.9375,-1.875,0.0
4.0,219.0,0.0,0.0,0.0,-7.5,-4.6875,0.0,-5.625,-7.5,0.0
4.0,222.0,0.0,0.0,0.0,-11.25,0.0,0.0,-5.625,-11.25,0.0
4.0,225.0,0.0,0.0,0.0,0.0,0.0,0.0,0.0,0.0,0.0
4.0,228.0,0.0,0.0,0.0,11.25,0.0,0.0,5.625,11.25,0.0
4.0,231.0,0.0,0.0,0.0,7.5,4.6875,0.0,5.625,7.5,0.0
4.0,234.0,0.0,0.0,0.0,1.875,0.9375,0.0,0.9375,2.8125,0.0
4.0,237.0,0.0,0.0,0.0,0.0,0.0,0.0,0.0,0.0,0.0
4.0,240.0,0.0,0.0,0.0,-5.625,0.0,0.0,-5.625,0.0,0.0
4.0,243.0,0.0,0.0,0.0,0.0,0.0,0.0,0.0,0.0,0.0
4.0,246.0,0.0,0.0,0.0,7.5,0.0,0.0,7.5,0.0,0.0
4.0,249.0,0.0,0.0,0.0,2.8125,0.0,0.0,2.8125,0.0,0.0
4.0,252.0,0.0,0.0,0.0,0.0,0.0,0.0,0.0,0.0,0.0
4.0,255.0,0.0,0.0,0.0,0.0,0.0,0.0,0.0,0.0,0.0
4.0,258.0,-1.875,-0.9375,0.0,-1.875,-0.9375,0.0,-1.875,-0.9375,0.0
4.0,261.0,-5.625,-4.6875,0.0,-5.625,-4.6875,0.0,-5.625,-4.6875,0.0
4.0,264.0,-4.6875,0.0,0.0,-4.6875,0.0,0.0,-4.6875,0.0,0.0
4.0,267.0,-9.375,0.0,0.0,-9.375,0.0,0.0,-9.375,0.0,0.0
4.0,270.0,-15.9375,0.0,0.0,-15.9375,0.0,0.0,-15.9375,0.0,0.0
4.0,273.0,9.375,0.0,0.0,9.375,0.0,0.0,9.375,0.0,0.0
4.0,276.0,4.6875,0.0,0.0,4.6875,0.0,0.0,4.6875,0.0,0.0
4.0,279.0,5.625,4.6875,0.0,5.625,4.6875,0.0,5.625,4.6875,0.0
4.0,282.0,1.875,0.9375,0.0,1.875,0.9375,0.0,1.875,0.9375,0.0
4.0,285.0,0.0,0.0,0.0,0.0,0.0,0.0,0.0,0.0,0.0
4.0,288.0,0.0,0.0,0.0,0.0,0.0,0.0,0.0,0.0,0.0
4.0,291.0,-2.8125,0.0,0.0,-2.8125,0.0,0.0,0.0,0.0,0.0
4.0,294.0,-7.5,0.0,0.0,-7.5,0.0,0.0,0.0,0.0,0.0
4.0,297.0,0.0,0.0,0.0,0.0,0.0,0.0,0.0,0.0,0.0
4.0,300.0,5.625,0.0,0.0,5.625,0.0,0.0,0.0,0.0,0.0
4.0,303.0,0.0,0.0,0.0,0.0,0.0,0.0,0.0,0.0,0.0
4.0,306.0,-0.9375,-2.8125,0.0,-1.875,-0.9375,0.0,0.0,0.0,0.0
4.0,309.0,-5.625,-7.5,0.0,-7.5,-4.6875,0.0,0.0,0.0,0.0
4.0,312.0,-5.625,-11.25,0.0,-11.25,0.0,0.0,0.0,0.0,0.0
4.0,315.0,0.0,0.0,0.0,0.0,0.0,0.0,0.0,0.0,0.0
4.0,318.0,5.625,11.25,0.0,11.25,0.0,0.0,0.0,0.0,0.0
4.0,321.0,5.625,7.5,0.0,7.5,4.6875,0.0,0.0,0.0,0.0
4.0,324.0,0.9375,1.875,0.0,2.8125,0.9375,0.0,0.0,0.0,0.0
4.0,327.0,0.0,0.0,0.0,0.0,0.0,0.0,0.0,0.0,0.0
4.0,330.0,-5.625,-5.625,0.0,0.0,0.0,0.0,0.0,0.0,0.0
4.0,333.0,0.0,0.0,0.0,0.0,0.0,0.0,0.0,0.0,0.0
4.0,336.0,7.5,7.5,0.0,0.0,0.0,0.0,0.0,0.0,0.0
4.0,339.0,2.8125,2.8125,0.0,0.0,0.0,0.0,0.0,0.0,0.0
4.0,342.0,0.0,0.0,0.0,0.0,0.0,0.0,0.0,0.0,0.0
4.0,345.0,0.0,0.0,0.0,0.0,0.0,0.0,0.0,0.0,0.0
4.0,348.0,-1.875,-1.875,-1.875,-0.9375,-0.9375,-0.9375,0.0,0.0,0.0
4.0,351.0,-5.625,-5.625,-5.625,-4.6875,-4.6875,-4.6875,0.0,0.0,0.0
4.0,354.0,-4.6875,-4.6875,-4.6875,0.0,0.0,0.0,0.0,0.0,0.0
4.0,357.0,-9.375,-9.375,-9.375,0.0,0.0,0.0,0.0,0.0,0.0
5.0,0.0,0.0,0.0,0.0,0.0,0.0,0.0,0.0,0.0,0.0
5.0,3.0,15.0,15.0,15.0,15.0,15.0,15.0,0.0,0.0,0.0
5.0,6.0,12.1875,12.1875,12.1875,12.1875,12.1875,12.1875,0.0,0.0,0.0
5.0,9.0,7.5,7.5,7.5,8.4375,8.4375,8.4375,0.0,0.0,0.0
5.0,12.0,3.75,3.75,3.75,3.75,3.75,3.75,0.0,0.0,0.0
5.0,15.0,0.0,0.0,0.0,0.0,0.0,0.0,0.0,0.0,0.0
5.0,18.0,0.0,0.0,0.0,0.0,0.0,0.0,0.0,0.0,0.0
5.0,21.0,0.0,-2.8125,-2.8125,0.0,0.0,0.0,0.0,0.0,0.0
5.0,24.0,0.0,-7.5,-7.5,0.0,0.0,0.0,0.0,0.0,0.0
5.0,27.0,0.0,0.0,0.0,0.0,0.0,0.0,0.0,0.0,0.0
5.0,30.0,0.0,5.625,5.625,0.0,0.0,0.0,0.0,0.0,0.0
5.0,33.0,0.0,0.0,0.0,0.0,0.0,0.0,0.0,0.0,0.0
5.0,36.0,0.0,-2.8125,-2.8125,0.0,-2.8125,-2.8125,0.0,0.0,0.0
5.0,39.0,0.0,-8.4375,-8.4375,0.0,-8.4375,-8.4375,0.0,0.0,0.0
5.0,42.0,0.0,-11.25,-12.1875,0.0,-12.1875,-11.25,0.0,0.0,0.0
5.0,45.0,0.0,0.0,0.0,0.0,0.0,0.0,0.0,0.0,0.0
5.0,48.0,0.0,11.25,12.1875,0.0,12.1875,11.25,0.0,0.0,0.0
5.0,51.0,0.0,8.4375,8.4375,0.0,8.4375,8.4375,0.0,0.0,0.0
5.0,54.0,0.0,2.8125,2.8125,0.0,2.8125,2.8125,0.0,0.0,0.0
5.0,57.0,0.0,0.0,0.0,0.0,0.0,0.0,0.0,0.0,0.0
5.0,60.0,0.0,0.0,-5.625,0.0,0.0,-5.625,0.0,0.0,0.0
5.0,63.0,0.0,0.0,0.0,0.0,0.0,0.0,0.0,0.0,0.0
5.0,66.0,0.0,0.0,7.5,0.0,0.0,7.5,0.0,0.0,0.0
5.0,69.0,0.0,0.0,2.8125,0.0,0.0,2.8125,0.0,0.0,0.0
5.0,72.0,0.0,0.0,0.0,0.0,0.0,0.0,0.0,0.0,0.0
5.0,75.0,0.0,0.0,0.0,0.0,0.0,0.0,0.0,0.0,0.0
5.0,78.0,0.0,-3.75,-3.75,0.0,-3.75,-3.75,0.0,-3.75,-3.75
5.0,81.0,0.0,-8.4375,-7.5,0.0,-8.4375,-7.5,0.0,-8.4375,-7.5
5.0,84.0,0.0,-12.1875,-12.1875,0.0,-12.1875,-12.1875,0.0,-12.1875,-12.1875
5.0,87.0,0.0,-15.0,-15.0,0.0,-15.0,-15.0,0.0,-15.0,-15.0
5.0,90.0,0.0,0.0,0.0,0.0,0.0,0.0,0.0,0.0,0.0
5.0,93.0,0.0,15.0,15.0,0.0,15.0,15.0,0.0,15.0,15.0
5.0,96.0,0.0,12.1875,12.1875,0.0,12.1875,12.1875,0.0,12.1875,12.1875
5.0,99.0,0.0,8.4375,7.5,0.0,8.4375,7.5,0.0,8.4375,7.5
5.0,102.0,0.0,3.75,3.75,0.0,3.75,3.75,0.0,3.75,3.75
5.0,105.0,0.0,0.0,0.0,0.0,0.0,0.0,0.0,0.0,0.0
5.0,108.0,0.0,0.0,0.0,0.0,0.0,0.0,0.0,0.0,0.0
5.0,111.0,0.0,0.0,0.0,0.0,0.0,-2.8125,0.0,0.0,-2.8125
5.0,114.0,0.0,0.0,0.0,0.0,0.0,-7.5,0.0,0.0,-7.5
5.0,117.0,0.0,0.0,0.0,0.0,0.0,0.0,0.0,0.0,0.0
5.0,120.0,0.0,0.0,0.0,0.0,0.0,5.625,0.0,0.0,5.625
5.0,123.0,0.0,0.0,0.0,0.0,0.0,0.0,0.0,0.0,0.0
5.0,126.0,0.0,0.0,0.0,0.0,-2.8125,-2.8125,0.0,-2.8125,-2.8125
5.0,129.0,0.0,0.0,0.0,0.0,-8.4375,-8.4375,0.0,-8.4375,-8.4375
5.0,132.0,0.0,0.0,0.0,0.0,-12.1875,-11.25,0.0,-11.25,-12.1875
5.0,135.0,0.0,0.0,0.0,0.0,0.0,0.0,0.0,0.0,0.0
5.0,138.0,0.0,0.0,0.0,0.0,12.1875,11.25,0.0,11.25,12.1875
5.0,141.0,0.0,0.0,0.0,0.0,8.4375,8.4375,0.0,8.4375,8.4375
5.0,144.0,0.0,0.0,0.0,0.0,2.8125,2.8125,0.0,2.8125,2.8125
5.0,147.0,0.0,0.0,0.0,0.0,0.0,0.0,0.0,0.0,0.0
5.0,150.0,0.0,0.0,0.0,0.0,0.0,0.0,0.0,-5.625,-5.625
5.0,153.0,0.0,0.0,0.0,0.0,0.0,0.0,0.0,0.0,0.0
5.0,156.0,0.0,0.0,0.0,0.0,0.0,0.0,0.0,7.5,7.5
5.0,159.0,0.0,0.0,0.0,0.0,0.0,0.0,0.0,2.8125,2.8125
5.0,162.0,0.0,0.0,0.0,0.0,0.0,0.0,0.0,0.0,0.0
5.0,165.0,0.0,0.0,0.0,0.0,0.0,0.0,0.0,0.0,0.0
5.0,168.0,0.0,0.0,0.0,-3.75,-3.75,-3.75,-3.75,-3.75,-3.75
5.0,171.0,0.0,0.0,0.0,-8.4375,-8.4375,-8.4375,-7.5,-7.5,-7.5
5.0,174.0,0.0,0.0,0.0,-12.1875,-12.1875,-12.1875,-12.1875,-12.1875,-12.1875
5.0,177.0,0.0,0.0,0.0,-15.0,-15.0,-15.0,-15.0,-15.0,-15.0
5.0,180.0,0.0,0.0,0.0,0.0,0.0,0.0,0.0,0.0,0.0
5.0,183.0,0.0,0.0,0.0,15.0,15.0,15.0,15.0,15.0,15.0
5.0,186.0,0.0,0.0,0.0,12.1875,12.1875,12.1875,12.1875,12.1875,12.1875
5.0,189.0,0.0,0.0,0.0,8.4375,8.4375,8.4375,7.5,7.5,7.5
5.0,192.0,0.0,0.0,0.0,3.75,3.75,3.75,3.75,3.75,3.75
5.0,195.0,0.0,0.0,0.0,0.0,0.0,0.0,0.0,0.0,0.0
5.0,198.0,0.0,0.0,0.0,0.0,0.0,0.0,0.0,0.0,0.0
5.0,201.0,0.0,0.0,0.0,0.0,0.0,0.0,-2.8125,-2.8125,0.0
5.0,204.0,0.0,0.0,0.0,0.0,0.0,0.0,-7.5,-7.5,0.0
5.0,207.0,0.0,0.0,0.0,0.0,0.0,0.0,0.0,0.0,0.0
5.0,210.0,0.0,0.0,0.0,0.0,0.0,0.0,5.625,5.625,0.0
5.0,213.0,0.0,0.0,0.0,0.0,0.0,0.0,0.0,0.0,0.0
5.0,216.0,0.0,0.0,0.0,-2.8125,-2.8125,0.0,-2.8125,-2.8125,0.0
5.0,219.0,0.0,0.0,0.0,-8.4375,-8.4375,0.0,-8.4375,-8.4375,0.0
5.0,222.0,0.0,0.0,0.0,-11.25,-12.1875,0.0,-12.1875,-11.25,0.0
5.0,225.0,0.0,0.0,0.0,0.0,0.0,0.0,0.0,0.0,0.0
5.0,228.0,0.0,0.0,0.0,11.25,12.1875,0.0,12.1875,11.25,0.0
5.0,231.0,0.0,0.0,0.0,8.4375,8.4375,0.0,8.4375,8.4375,0.0
5.0,234.0,0.0,0.0,0.0,2.8125,2.8125,0.0,2.8125,2.8125,0.0
5.0,237.0,0.0,0.0,0.0,0.0,0.0,0.0,0.0,0.0,0.0
5.0,240.0,0.0,0.0,0.0,-5.625,0.0,0.0,-5.625,0.0,0.0
5.0,243.0,0.0,0.0,0.0,0.0,0.0,0.0,0.0,0.0,0.0
5.0,246.0,0.0,0.0,0.0,7.5,0.0,0.0,7.5,0.0,0.0
5.0,249.0,0.0,0.0,0.0,2.8125,0.0,0.0,2.8125,0.0,0.0
5.0,252.0,0.0,0.0,0.0,0.0,0.0,0.0,0.0,0.0,0.0
5.0,255.0,0.0,0.0,0.0,0.0,0.0,0.0,0.0,0.0,0.0
5.0,258.0,-3.75,-3.75,0.0,-3.75,-3.75,0.0,-3.75,-3.75,0.0
5.0,261.0,-7.5,-8.4375,0.0,-7.5,-8.4375,0.0,-7.5,-8.4375,0.0
5.0,264.0,-12.1875,-12.1875,0.0,-12.1875,-12.1875,0.0,-12.1875,-12.1875,0.0
5.0,267.0,-15.0,-15.0,0.0,-15.0,-15.0,0.0,-15.0,-15.0,0.0
5.0,270.0,0.0,0.0,0.0,0.0,0.0,0.0,0.0,0.0,0.0
5.0,273.0,15.0,15.0,0.0,15.0,15.0,0.0,15.0,15.0,0.0
5.0,276.0,12.1875,12.1875,0.0,12.1875,12.1875,0.0,12.1875,12.1875,0.0
5.0,279.0,7.5,8.4375,0.0,7.5,8.4375,0.0,7.5,8.4375,0.0
5.0,282.0,3.75,3.75,0.0,3.75,3.75,0.0,3.75,3.75,0.0
5.0,285.0,0.0,0.0,0.0,0.0,0.0,0.0,0.0,0.0,0.0
5.0,288.0,0.0,0.0,0.0,0.0,0.0,0.0,0.0,0.0,0.0
5.0,291.0,-2.8125,0.0,0.0,-2.8125,0.0,0.0,0.0,0.0,0.0
5.0,294.0,-7.5,0.0,0.0,-7.5,0.0,0.0,0.0,0.0,0.0
5.0,297.0,0.0,0.0,0.0,0.0,0.0,0.0,0.0,0.0,0.0
5.0,300.0,5.625,0.0,0.0,5.625,0.0,0.0,0.0,0.0,0.0
5.0,303.0,0.0,0.0,0.0,0.0,0.0,0.0,0.0,0.0,0.0
5.0,306.0,-2.8125,-2.8125,0.0,-2.8125,-2.8125,0.0,0.0,0.0,0.0
5.0,309.0,-8.4375,-8.4375,0.0,-8.4375,-8.4375,0.0,0.0,0.0,0.0
5.0,312.0,-12.1875,-11.25,0.0,-11.25,-12.1875,0.0,0.0,0.0,0.0
5.0,315.0,0.0,0.0,0.0,0.0,0.0,0.0,0.0,0.0,0.0
5.0,318.0,12.1875,11.25,0.0,11.25,12.1875,0.0,0.0,0.0,0.0
5.0,321.0,8.4375,8.4375,0.0,8.4375,8.4375,0.0,0.0,0.0,0.0
5.0,324.0,2.8125,2.8125,0.0,2.8125,2.8125,0.0,0.0,0.0,0.0
5.0,327.0,0.0,0.0,0.0,0.0,0.0,0.0,0.0,0.0,0.0
5.0,330.0,-5.625,-5.625,0.0,0.0,0.0,0.0,0.0,0.0,0.0
5.0,333.0,0.0,0.0,0.0,0.0,0.0,0.0,0.0,0.0,0.0
5.0,336.0,7.5,7.5,0.0,0.0,0.0,0.0,0.0,0.0,0.0
5.0,339.0,2.8125,2.8125,0.0,0.0,0.0,0.0,0.0,0.0,0.0
5.0,342.0,0.0,0.0,0.0,0.0,0.0,0.0,0.0,0.0,0.0
5.0,345.0,0.0,0.0,0.0,0.0,0.0,0.0,0.0,0.0,0.0
5.0,348.0,-3.75,-3.75,-3.75,-3.75,-3.75,-3.75,0.0,0.0,0.0
5.0,351.0,-7.5,-7.5,-7.5,-8.4375,-8.4375,-8.4375,0.0,0.0,0.0
5.0,354.0,-12.1875,-12.1875,-12.1875,-12.1875,-12.1875,-12.1875,0.0,0.0,0.0
5.0,357.0,-15.0,-15.0,-15.0,-15.0,-15.0,-15.0,0.0,0.0,0.0
6.0,0.0,0.0,0.0,0.0,0.0,0.0,0.0,0.0,0.0,0.0
6.0,3.0,14.0625,14.0625,14.0625,16.875,16.875,16.875,0.0,0.0,0.0
6.0,6.0,12.1875,12.1875,12.1875,13.125,13.125,13.125,0.0,0.0,0.0
6.0,9.0,8.4375,8.4375,8.4375,8.4375,8.4375,8.4375,0.0,0.0,0.0
6.0,12.0,3.75,3.75,3.75,4.6875,4.6875,4.6875,0.0,0.0,0.0
6.0,15.0,0.0,0.0,0.0,0.0,0.0,0.0,0.0,0.0,0.0
6.0,18.0,0.0,0.0,0.0,0.0,0.0,0.0,0.0,0.0,0.0
6.0,21.0,0.0,-3.75,-3.75,0.0,0.0,0.0,0.0,0.0,0.0
6.0,24.0,0.0,-8.4375,-8.4375,0.0,0.0,0.0,0.0,0.0,0.0
6.0,27.0,0.0,0.0,0.0,0.0,0.0,0.0,0.0,0.0,0.0
6.0,30.0,0.0,6.5625,6.5625,0.0,0.0,0.0,0.0,0.0,0.0
6.0,33.0,0.0,0.0,0.0,0.0,0.0,0.0,0.0,0.0,0.0
6.0,36.0,0.0,-3.75,-3.75,0.0,-3.75,-3.75,0.0,0.0,0.0
6.0,39.0,0.0,-8.4375,-8.4375,0.0,-8.4375,-8.4375,0.0,0.0,0.0
6.0,42.0,0.0,-12.1875,-13.125,0.0,-12.1875,-12.1875,0.0,0.0,0.0
6.0,45.0,0.0,0.0,0.0,0.0,0.0,0.0,0.0,0.0,0.0
6.0,48.0,0.0,12.1875,13.125,0.0,12.1875,12.1875,0.0,0.0,0.0
6.0,51.0,0.0,8.4375,8.4375,0.0,8.4375,8.4375,0.0,0.0,0.0
6.0,54.0,0.0,3.75,3.75,0.0,3.75,3.75,0.0,0.0,0.0
6.0,57.0,0.0,0.0,0.0,0.0,0.0,0.0,0.0,0.0,0.0
6.0,60.0,0.0,0.0,-6.5625,0.0,0.0,-6.5625,0.0,0.0,0.0
6.0,63.0,0.0,0.0,0.0,0.0,0.0,0.0,0.0,0.0,0.0
6.0,66.0,0.0,0.0,8.4375,0.0,0.0,8.4375,0.0,0.0,0.0
6.0,69.0,0.0,0.0,3.75,0.0,0.0,3.75,0.0,0.0,0.0
6.0,72.0,0.0,0.0,0.0,0.0,0.0,0.0,0.0,0.0,0.0
6.0,75.0,0.0,0.0,0.0,0.0,0.0,0.0,0.0,0.0,0.0
6.0,78.0,0.0,-4.6875,-3.75,0.0,-4.6875,-3.75,0.0,-4.6875,-3.75
6.0,81.0,0.0,-8.4375,-8.4375,0.0,-8.4375,-8.4375,0.0,-8.4375,-8.4375
6.0,84.0,0.0,-13.125,-12.1875,0.0,-13.125,-12.1875,0.0,-13.125,-12.1875
6.0,87.0,0.0,-16.875,-14.0625,0.0,-16.875,-14.0625,0.0,-16.875,-14.0625
6.0,90.0,0.0,0.0,0.0,0.0,0.0,0.0,0.0,0.0,0.0
6.0,93.0,0.0,16.875,14.0625,0.0,16.875,14.0625,0.0,16.875,14.0625
6.0,96.0,0.0,13.125,12.1875,0.0,13.125,12.1875,0.0,13.125,12.1875
6.0,99.0,0.0,8.4375,8.4375,0.0,8.4375,8.4375,0.0,8.4375,8.4375
6.0,102.0,0.0,4.6875,3.75,0.0,4.6875,3.75,0.0,4.6875,3.75
6.0,105.0,0.0,0.0,0.0,0.0,0.0,0.0,0.0,0.0,0.0
6.0,108.0,0.0,0.0,0.0,0.0,0.0,0.0,0.0,0.0,0.0
6.0,111.0,0.0,0.0,0.0,0.0,0.0,-3.75,0.0,0.0,-3.75
6.0,114.0,0.0,0.0,0.0,0.0,0.0,-8.4375,0.0,0.0,-8.4375
6.0,117.0,0.0,0.0,0.0,0.0,0.0,0.0,0.0,0.0,0.0
6.0,120.0,0.0,0.0,0.0,0.0,0.0,6.5625,0.0,0.0,6.5625
6.0,123.0,0.0,0.0,0.0,0.0,0.0,0.0,0.0,0.0,0.0
6.0,126.0,0.0,0.0,0.0,0.0,-3.75,-3.75,0.0,-3.75,-3.75
6.0,129.0,0.0,0.0,0.0,0.0,-8.4375,-8.4375,0.0,-8.4375,-8.4375
6.0,132.0,0.0,0.0,0.0,0.0,-12.1875,-12.1875,0.0,-12.1875,-13.125
6.0,135.0,0.0,0.0,0.0,0.0,0.0,0.0,0.0,0.0,0.0
6.0,138.0,0.0,0.0,0.0,0.0,12.1875,12.1875,0.0,12.1875,13.125
6.0,141.0,0.0,0.0,0.0,0.0,8.4375,8.4375,0.0,8.4375,8.4375
6.0,144.0,0.0,0.0,0.0,0.0,3.75,3.75,0.0,3.75,3.75
6.0,147.0,0.0,0.0,0.0,0.0,0.0,0.0,0.0,0.0,0.0
6.0,150.0,0.0,0.0,0.0,0.0,0.0,0.0,0.0,-6.5625,-6.5625
6.0,153.0,0.0,0.0,0.0,0.0,0.0,0.0,0.0,0.0,0.0
6.0,156.0,0.0,0.0,0.0,0.0,0.0,0.0,0.0,8.4375,8.4375
6.0,159.0,0.0,0.0,0.0,0.0,0.0,0.0,0.0,3.75,3.75
6.0,162.0,0.0,0.0,0.0,0.0,0.0,0.0,0.0,0.0,0.0
6.0,165.0,0.0,0.0,0.0,0.0,0.0,0.0,0.0,0.0,0.0
6.0,168.0,0.0,0.0,0.0,-4.6875,-4.6875,-4.6875,-3.75,-3.75,-3.75
6.0,171.0,0.0,0.0,0.0,-8.4375,-8.4375,-8.4375,-8.4375,-8.4375,-8.4375
6.0,174.0,0.0,0.0,0.0,-13.125,-13.125,-13.125,-12.1875,-12.1875,-12.1875
6.0,177.0,0.0,0.0,0.0,-16.875,-16.875,-16.875,-14.0625,-14.0625,-14.0625
6.0,180.0,0.0,0.0,0.0,0.0,0.0,0.0,0.0,0.0,0.0
6.0,183.0,0.0,0.0,0.0,16.875,16.875,16.875,14.0625,14.0625,14.0625
6.0,186.0,0.0,0.0,0.0,13.125,13.125,13.125,12.1875,12.1875,12.1875
6.0,189.0,0.0,0.0,0.0,8.4375,8.4375,8.4375,8.4375,8.4375,8.4375
6.0,192.0,0.0,0.0,0.0,4.6875,4.6875,4.6875,3.75,3.75,3.75
6.0,195.0,0.0,0.0,0.0,0.0,0.0,0.0,0.0,0.0,0.0
6.0,198.0,0.0,0.0,0.0,0.0,0.0,0.0,0.0,0.0,0.0
6.0,201.0,0.0,0.0,0.0,0.0,0.0,0.0,-3.75,-3.75,0.0
6.0,204.0,0.0,0.0,0.0,0.0,0.0,0.0,-8.4375,-8.4375,0.0
6.0,207.0,0.0,0.0,0.0,0.0,0.0,0.0,0.0,0.0,0.0
6.0,210.0,0.0,0.0,0.0,0.0,0.0,0.0,6.5625,6.5625,0.0
6.0,213.0,0.0,0.0,0.0,0.0,0.0,0.0,0.0,0.0,0.0
6.0,216.0,0.0,0.0,0.0,-3.75,-3.75,0.0,-3.75,-3.75,0.0
6.0,219.0,0.0,0.0,0.0,-8.4375,-8.4375,0.0,-8.4375,-8.4375,0.0
6.0,222.0,0.0,0.0,0.0,-12.1875,-12.1875,0.0,-13.125,-12.1875,0.0
6.0,225.0,0.0,0.0,0.0,0.0,0.0,0.0,0.0,0.0,0.0
6.0,228.0,0.0,0.0,0.0,12.1875,12.1875,0.0,13.125,12.1875,0.0
6.0,231.0,0.0,0.0,0.0,8.4375,8.4375,0.0,8.4375,8.4375,0.0
6.0,234.0,0.0,0.0,0.0,3.75,3.75,0.0,3.75,3.75,0.0
6.0,237.0,0.0,0.0,0.0,0.0,0.0,0.0,0.0,0.0,0.0
6.0,240.0,0.0,0.0,0.0,-6.5625,0.0,0.0,-6.5625,0.0,0.0
6.0,243.0,0.0,0.0,0.0,0.0,0.0,0.0,0.0,0.0,0.0
6.0,246.0,0.0,0.0,0.0,8.4375,0.0,0.0,8.4375,0.0,0.0
6.0,249.0,0.0,0.0,0.0,3.75,0.0,0.0,3.75,0.0,0.0
6.0,252.0,0.0,0.0,0.0,0.0,0.0,0.0,0.0,0.0,0.0
6.0,255.0,0.0,0.0,0.0,0.0,0.0,0.0,0.0,0.0,0.0
6.0,258.0,-3.75,-4.6875,0.0,-3.75,-4.6875,0.0,-3.75,-4.6875,0.0
6.0,261.0,-8.4375,-8.4375,0.0,-8.4375,-8.4375,0.0,-8.4375,-8.4375,0.0
6.0,264.0,-12.1875,-13.125,0.0,-12.1875,-13.125,0.0,-12.1875,-13.125,0.0
6.0,267.0,-14.0625,-16.875,0.0,-14.0625,-16.875,0.0,-14.0625,-16.875,0.0
6.0,270.0,0.0,0.0,0.0,0.0,0.0,0.0,0.0,0.0,0.0
6.0,273.0,14.0625,16.875,0.0,14.0625,16.875,0.0,14.0625,16.875,0.0
6.0,276.0,12.1875,13.125,0.0,12.1875,13.125,0.0,12.1875,13.125,0.0
6.0,279.0,8.4375,8.4375,0.0,8.4375,8.4375,0.0,8.4375,8.4375,0.0
6.0,282.0,3.75,4.6875,0.0,3.75,4.6875,0.0,3.75,4.6875,0.0
6.0,285.0,0.0,0.0,0.0,0.0,0.0,0.0,0.0,0.0,0.0
6.0,288.0,0.0,0.0,0.0,0.0,0.0,0.0,0.0,0.0,0.0
6.0,291.0,-3.75,0.0,0.0,-3.75,0.0,0.0,0.0,0.0,0.0
6.0,294.0,-8.4375,0.0,0.0,-8.4375,0.0,0.0,0.0,0.0,0.0
6.0,297.0,0.0,0.0,0.0,0.0,0.0,0.0,0.0,0.0,0.0
6.0,300.0,6.5625,0.0,0.0,6.5625,0.0,0.0,0.0,0.0,0.0
6.0,303.0,0.0,0.0,0.0,0.0,0.0,0.0,0.0,0.0,0.0
6.0,306.0,-3.75,-3.75,0.0,-3.75,-3.75,0.0,0.0,0.0,0.0
6.0,309.0,-8.4375,-8.4375,0.0,-8.4375,-8.4375,0.0,0.0,0.0,0.0
6.0,312.0,-13.125,-12.1875,0.0,-12.1875,-12.1875,0.0,0.0,0.0,0.0
6.0,315.0,0.0,0.0,0.0,0.0,0.0,0.0,0.0,0.0,0.0
6.0,318.0,13.125,12.1875,0.0,12.1875,12.1875,0.0,0.0,0.0,0.0
6.0,321.0,8.4375,8.4375,0.0,8.4375,8.4375,0.0,0.0,0.0,0.0
6.0,324.0,3.75,3.75,0.0,3.75,3.75,0.0,0.0,0.0,0.0
6.0,327.0,0.0,0.0,0.0,0.0,0.0,0.0,0.0,0.0,0.0
6.0,330.0,-6.5625,-6.5625,0.0,0.0,0.0,0.0,0.0,0.0,0.0
6.0,333.0,0.0,0.0,0.0,0.0,0.0,0.0,0.0,0.0,0.0
6.0,336.0,8.4375,8.4375,0.0,0.0,0.0,0.0,0.0,0.0,0.0
6.0,339.0,3.75,3.75,0.0,0.0,0.0,0.0,0.0,0.0,0.0
6.0,342.0,0.0,0.0,0.0,0.0,0.0,0.0,0.0,0.0,0.0
6.0,345.0,0.0,0.0,0.0,0.0,0.0,0.0,0.0,0.0,0.0
6.0,348.0,-3.75,-3.75,-3.75,-4.6875,-4.6875,-4.6875,0.0,0.0,0.0
6.0,351.0,-8.4375,-8.4375,-8.4375,-8.4375,-8.4375,-8.4375,0.0,0.0,0.0
6.0,354.0,-12.1875,-12.1875,-12.1875,-13.125,-13.125,-13.125,0.0,0.0,0.0
6.0,357.0,-14.0625,-14.0625,-14.0625,-16.875,-16.875,-16.875,0.0,0.0,0.0
7.0,0.0,-13.125,-13.125,-13.125,0.0,0.0,0.0,0.0,0.0,0.0
7.0,3.0,14.0625,14.0625,14.0625,15.0,15.0,15.0,0.0,0.0,0.0
7.0,6.0,13.125,13.125,13.125,13.125,13.125,13.125,0.0,0.0,0.0
7.0,9.0,9.375,9.375,9.375,9.375,9.375,9.375,0.0,0.0,0.0
7.0,12.0,4.6875,4.6875,4.6875,4.6875,4.6875,4.6875,0.0,0.0,0.0
7.0,15.0,0.9375,0.9375,0.9375,0.9375,0.9375,0.9375,0.0,0.0,0.0
7.0,18.0,0.0,0.0,0.0,0.0,0.0,0.0,0.0,0.0,0.0
7.0,21.0,0.0,-4.6875,-4.6875,0.0,0.0,0.0,0.0,0.0,0.0
7.0,24.0,0.0,-9.375,-9.375,0.0,0.0,0.0,0.0,0.0,0.0
7.0,27.0,0.0,0.0,0.0,0.0,0.0,0.0,0.0,0.0,0.0
7.0,30.0,0.0,7.5,7.5,0.0,0.0,0.0,0.0,0.0,0.0
7.0,33.0,0.0,0.9375,0.9375,0.0,0.0,0.0,0.0,0.0,0.0
7.0,36.0,0.0,-3.75,-3.75,0.0,-3.75,-3.75,0.0,0.0,0.0
7.0,39.0,0.0,-9.375,-9.375,0.0,-9.375,-9.375,0.0,0.0,0.0
7.0,42.0,0.0,-13.125,-13.125,0.0,-13.125,-13.125,0.0,0.0,0.0
7.0,45.0,0.0,0.0,0.0,0.0,0.0,0.0,0.0,0.0,0.0
7.0,48.0,0.0,13.125,13.125,0.0,13.125,13.125,0.0,0.0,0.0
7.0,51.0,0.0,9.375,9.375,0.0,9.375,9.375,0.0,0.0,0.0
7.0,54.0,0.0,3.75,3.75,0.0,3.75,3.75,0.0,0.0,0.0
7.0,57.0,0.0,0.0,-0.9375,0.0,0.0,-0.9375,0.0,0.0,0.0
7.0,60.0,0.0,0.0,-7.5,0.0,0.0,-7.5,0.0,0.0,0.0
7.0,63.0,0.0,0.0,0.0,0.0,0.0,0.0,0.0,0.0,0.0
7.0,66.0,0.0,0.0,9.375,0.0,0.0,9.375,0.0,0.0,0.0
7.0,69.0,0.0,0.0,4.6875,0.0,0.0,4.6875,0.0,0.0,0.0
7.0,72.0,0.0,0.0,0.0,0.0,0.0,0.0,0.0,0.0,0.0
7.0,75.0,0.0,-0.9375,-0.9375,0.0,-0.9375,-0.9375,0.0,-0.9375,-0.9375
7.0,78.0,0.0,-4.6875,-4.6875,0.0,-4.6875,-4.6875,0.0,-4.6875,-4.6875
7.0,81.0,0.0,-9.375,-9.375,0.0,-9.375,-9.375,0.0,-9.375,-9.375
7.0,84.0,0.0,-13.125,-13.125,0.0,-13.125,-13.125,0.0,-13.125,-13.125
7.0,87.0,0.0,-15.0,-14.0625,0.0,-15.0,-14.0625,0.0,-15.0,-14.0625
7.0,90.0,0.0,0.0,-13.125,0.0,0.0,-13.125,0.0,0.0,-13.125
7.0,93.0,0.0,15.0,14.0625,0.0,15.0,14.0625,0.0,15.0,14.0625
7.0,96.0,0.0,13.125,13.125,0.0,13.125,13.125,0.0,13.125,13.125
7.0,99.0,0.0,9.375,9.375,0.0,9.375,9.375,0.0,9.375,9.375
7.0,102.0,0.0,4.6875,4.6875,0.0,4.6875,4.6875,0.0,4.6875,4.6875
7.0,105.0,0.0,0.9375,0.9375,0.0,0.9375,0.9375,0.0,0.9375,0.9375
7.0,108.0,0.0,0.0,0.0,0.0,0.0,0.0,0.0,0.0,0.0
7.0,111.0,0.0,0.0,0.0,0.0,0.0,-4.6875,0.0,0.0,-4.6875
7.0,114.0,0.0,0.0,0.0,0.0,0.0,-9.375,0.0,0.0,-9.375
7.0,117.0,0.0,0.0,0.0,0.0,0.0,0.0,0.0,0.0,0.0
7.0,120.0,0.0,0.0,0.0,0.0,0.0,7.5,0.0,0.0,7.5
7.0,123.0,0.0,0.0,0.0,0.0,0.0,0.9375,0.0,0.0,0.9375
7.0,126.0,0.0,0.0,0.0,0.0,-3.75,-3.75,0.0,-3.75,-3.75
7.0,129.0,0.0,0.0,0.0,0.0,-9.375,-9.375,0.0,-9.375,-9.375
7.0,132.0,0.0,0.0,0.0,0.0,-13.125,-13.125,0.0,-13.125,-13.125
7.0,135.0,0.0,0.0,0.0,0.0,0.0,0.0,0.0,0.0,0.0
7.0,138.0,0.0,0.0,0.0,0.0,13.125,13.125,0.0,13.125,13.125
7.0,141.0,0.0,0.0,0.0,0.0,9.375,9.375,0.0,9.375,9.375
7.0,144.0,0.0,0.0,0.0,0.0,3.75,3.75,0.0,3.75,3.75
7.0,147.0,0.0,0.0,0.0,0.0,0.0,0.0,0.0,-0.9375,-0.9375
7.0,150.0,0.0,0.0,0.0,0.0,0.0,0.0,0.0,-7.5,-7.5
7.0,153.0,0.0,0.0,0.0,0.0,0.0,0.0,0.0,0.0,0.0
7.0,156.0,0.0,0.0,0.0,0.0,0.0,0.0,0.0,9.375,9.375
7.0,159.0,0.0,0.0,0.0,0.0,0.0,0.0,0.0,4.6875,4.6875
7.0,162.0,0.0,0.0,0.0,0.0,0.0,0.0,0.0,0.0,0.0
7.0,165.0,0.0,0.0,0.0,-0.9375,-0.9375,-0.9375,-0.9375,-0.9375,-0.9375
7.0,168.0,0.0,0.0,0.0,-4.6875,-4.6875,-4.6875,-4.6875,-4.6875,-4.6875
7.0,171.0,0.0,0.0,0.0,-9.375,-9.375,-9.375,-9.375,-9.375,-9.375
7.0,174.0,0.0,0.0,0.0,-13.125,-13.125,-13.125,-13.125,-13.125,-13.125
7.0,177.0,0.0,0.0,0.0,-15.0,-15.0,-15.0,-14.0625,-14.0625,-14.0625
7.0,180.0,0.0,0.0,0.0,0.0,0.0,0.0,-13.125,-13.125,-13.125
7.0,183.0,0.0,0.0,0.0,15.0,15.0,15.0,14.0625,14.0625,14.0625
7.0,186.0,0.0,0.0,0.0,13.125,13.125,13.125,13.125,13.125,13.125
7.0,189.0,0.0,0.0,0.0,9.375,9.375,9.375,9.375,9.375,9.375
7.0,192.0,0.0,0.0,0.0,4.6875,4.6875,4.6875,4.6875,4.6875,4.6875
7.0,195.0,0.0,0.0,0.0,0.9375,0.9375,0.9375,0.9375,0.9375,0.9375
7.0,198.0,0.0,0.0,0.0,0.0,0.0,0.0,0.0,0.0,0.0
7.0,201.0,0.0,0.0,0.0,0.0,0.0,0.0,-4.6875,-4.6875,0.0
7.0,204.0,0.0,0.0,0.0,0.0,0.0,0.0,-9.375,-9.375,0.0
7.0,207.0,0.0,0.0,0.0,0.0,0.0,0.0,0.0,0.0,0.0
7.0,210.0,0.0,0.0,0.0,0.0,0.0,0.0,7.5,7.5,0.0
7.0,213.0,0.0,0.0,0.0,0.0,0.0,0.0,0.9375,0.9375,0.0
7.0,216.0,0.0,0.0,0.0,-3.75,-3.75,0.0,-3.75,-3.75,0.0
7.0,219.0,0.0,0.0,0.0,-9.375,-9.375,0.0,-9.375,-9.375,0.0
7.0,222.0,0.0,0.0,0.0,-13.125,-13.125,0.0,-13.125,-13.125,0.0
7.0,225.0,0.0,0.0,0.0,0.0,0.0,0.0,0.0,0.0,0.0
7.0,228.0,0.0,0.0,0.0,13.125,13.125,0.0,13.125,13.125,0.0
7.0,231.0,0.0,0.0,0.0,9.375,9.375,0.0,9.375,9.375,0.0
7.0,234.0,0.0,0.0,0.0,3.75,3.75,0.0,3.75,3.75,0.0
7.0,237.0,0.0,0.0,0.0,-0.9375,0.0,0.0,-0.9375,0.0,0.0
7.0,240.0,0.0,0.0,0.0,-7.5,0.0,0.0,-7.5,0.0,0.0
7.0,243.0,0.0,0.0,0.0,0.0,0.0,0.0,0.0,0.0,0.0
7.0,246.0,0.0,0.0,0.0,9.375,0.0,0.0,9.375,0.0,0.0
7.0,249.0,0.0,0.0,0.0,4.6875,0.0,0.0,4.6875,0.0,0.0
7.0,252.0,0.0,0.0,0.0,0.0,0.0,0.0,0.0,0.0,0.0
7.0,255.0,-0.9375,-0.9375,0.0,-0.9375,-0.9375,0.0,-0.9375,-0.9375,0.0
7.0,258.0,-4.6875,-4.6875,0.0,-4.6875,-4.6875,0.0,-4.6875,-4.6875,0.0
7.0,261.0,-9.375,-9.375,0.0,-9.375,-9.375,0.0,-9.375,-9.375,0.0
7.0,264.0,-13.125,-13.125,0.0,-13.125,-13.125,0.0,-13.125,-13.125,0.0
7.0,267.0,-14.0625,-15.0,0.0,-14.0625,-15.0,0.0,-14.0625,-15.0,0.0
7.0,270.0,-13.125,0.0,0.0,-13.125,0.0,0.0,-13.125,0.0,0.0
7.0,273.0,14.0625,15.0,0.0,14.0625,15.0,0.0,14.0625,15.0,0.0
7.0,276.0,13.125,13.125,0.0,13.125,13.125,0.0,13.125,13.125,0.0
7.0,279.0,9.375,9.375,0.0,9.375,9.375,0.0,9.375,9.375,0.0
7.0,282.0,4.6875,4.6875,0.0,4.6875,4.6875,0.0,4.6875,4.6875,0.0
7.0,285.0,0.9375,0.9375,0.0,0.9375,0.9375,0.0,0.9375,0.9375,0.0
7.0,288.0,0.0,0.0,0.0,0.0,0.0,0.0,0.0,0.0,0.0
7.0,291.0,-4.6875,0.0,0.0,-4.6875,0.0,0.0,0.0,0.0,0.0
7.0,294.0,-9.375,0.0,0.0,-9.375,0.0,0.0,0.0,0.0,0.0
7.0,297.0,0.0,0.0,0.0,0.0,0.0,0.0,0.0,0.0,0.0
7.0,300.0,7.5,0.0,0.0,7.5,0.0,0.0,0.0,0.0,0.0
7.0,303.0,0.9375,0.0,0.0,0.9375,0.0,0.0,0.0,0.0,0.0
7.0,306.0,-3.75,-3.75,0.0,-3.75,-3.75,0.0,0.0,0.0,0.0
7.0,309.0,-9.375,-9.375,0.0,-9.375,-9.375,0.0,0.0,0.0,0.0
7.0,312.0,-13.125,-13.125,0.0,-13.125,-13.125,0.0,0.0,0.0,0.0
7.0,315.0,0.0,0.0,0.0,0.0,0.0,0.0,0.0,0.0,0.0
7.0,318.0,13.125,13.125,0.0,13.125,13.125,0.0,0.0,0.0,0.0
7.0,321.0,9.375,9.375,0.0,9.375,9.375,0.0,0.0,0.0,0.0
7.0,324.0,3.75,3.75,0.0,3.75,3.75,0.0,0.0,0.0,0.0
7.0,327.0,-0.9375,-0.9375,0.0,0.0,0.0,0.0,0.0,0.0,0.0
7.0,330.0,-7.5,-7.5,0.0,0.0,0.0,0.0,0.0,0.0,0.0
7.0,333.0,0.0,0.0,0.0,0.0,0.0,0.0,0.0,0.0,0.0
7.0,336.0,9.375,9.375,0.0,0.0,0.0,0.0,0.0,0.0,0.0
7.0,339.0,4.6875,4.6875,0.0,0.0,0.0,0.0,0.0,0.0,0.0
7.0,342.0,0.0,0.0,0.0,0.0,0.0,0.0,0.0,0.0,0.0
7.0,345.0,-0.9375,-0.9375,-0.9375,-0.9375,-0.9375,-0.9375,0.0,0.0,0.0
7.0,348.0,-4.6875,-4.6875,-4.6875,-4.6875,-4.6875,-4.6875,0.0,0.0,0.0
7.0,351.0,-9.375,-9.375,-9.375,-9.375,-9.375,-9.375,0.0,0.0,0.0
7.0,354.0,-13.125,-13.125,-13.125,-13.125,-13.125,-13.125,0.0,0.0,0.0
7.0,357.0,-14.0625,-14.0625,-14.0625,-15.0,-15.0,-15.0,0.0,0.0,0.0
8.0,0.0,-14.0625,-14.0625,-14.0625,0.0,0.0,0.0,0.0,0.0,0.0
8.0,3.0,15.0,15.0,15.0,15.9375,15.9375,15.9375,0.0,0.0,0.0
8.0,6.0,13.125,13.125,13.125,13.125,13.125,13.125,0.0,0.0,0.0
8.0,9.0,9.375,9.375,9.375,9.375,9.375,9.375,0.0,0.0,0.0
8.0,12.0,5.625,5.625,5.625,5.625,5.625,5.625,0.0,0.0,0.0
8.0,15.0,0.9375,0.9375,0.9375,0.9375,0.9375,0.9375,0.0,0.0,0.0
8.0,18.0,0.0,0.0,0.0,0.0,0.0,0.0,0.0,0.0,0.0
8.0,21.0,0.0,-4.6875,-4.6875,0.0,0.0,0.0,0.0,0.0,0.0
8.0,24.0,0.0,-9.375,-9.375,0.0,0.0,0.0,0.0,0.0,0.0
8.0,27.0,0.0,0.0,0.0,0.0,0.0,0.0,0.0,0.0,0.0
8.0,30.0,0.0,7.5,7.5,0.0,0.0,0.0,0.0,0.0,0.0
8.0,33.0,0.0,0.9375,0.9375,0.0,0.0,0.0,0.0,0.0,0.0
8.0,36.0,0.0,-3.75,-3.75,0.0,-4.6875,-4.6875,0.0,0.0,0.0
8.0,39.0,0.0,-9.375,-9.375,0.0,-9.375,-9.375,0.0,0.0,0.0
8.0,42.0,0.0,-13.125,-14.0625,0.0,-13.125,-13.125,0.0,0.0,0.0
8.0,45.0,0.0,0.0,0.0,0.0,0.0,0.0,0.0,0.0,0.0
8.0,48.0,0.0,13.125,14.0625,0.0,13.125,13.125,0.0,0.0,0.0
8.0,51.0,0.0,9.375,9.375,0.0,9.375,9.375,0.0,0.0,0.0
8.0,54.0,0.0,4.6875,3.75,0.0,4.6875,3.75,0.0,0.0,0.0
8.0,57.0,0.0,0.0,-0.9375,0.0,0.0,-0.9375,0.0,0.0,0.0
8.0,60.0,0.0,0.0,-7.5,0.0,0.0,-7.5,0.0,0.0,0.0
8.0,63.0,0.0,0.0,0.0,0.0,0.0,0.0,0.0,0.0,0.0
8.0,66.0,0.0,0.0,9.375,0.0,0.0,9.375,0.0,0.0,0.0
8.0,69.0,0.0,0.0,4.6875,0.0,0.0,4.6875,0.0,0.0,0.0
8.0,72.0,0.0,0.0,0.0,0.0,0.0,0.0,0.0,0.0,0.0
8.0,75.0,0.0,-0.9375,-0.9375,0.0,-0.9375,-0.9375,0.0,-0.9375,-0.9375
8.0,78.0,0.0,-5.625,-5.625,0.0,-5.625,-5.625,0.0,-5.625,-5.625
8.0,81.0,0.0,-9.375,-9.375,0.0,-9.375,-9.375,0.0,-9.375,-9.375
8.0,84.0,0.0,-13.125,-13.125,0.0,-13.125,-13.125,0.0,-13.125,-13.125
8.0,87.0,0.0,-15.9375,-15.0,0.0,-15.9375,-15.0,0.0,-15.9375,-15.0
8.0,90.0,0.0,0.0,-14.0625,0.0,0.0,-14.0625,0.0,0.0,-14.0625
8.0,93.0,0.0,15.9375,15.0,0.0,15.9375,15.0,0.0,15.9375,15.0
8.0,96.0,0.0,13.125,13.125,0.0,13.125,13.125,0.0,13.125,13.125
8.0,99.0,0.0,9.375,9.375,0.0,9.375,9.375,0.0,9.375,9.375
8.0,102.0,0.0,5.625,5.625,0.0,5.625,5.625,0.0,5.625,5.625
8.0,105.0,0.0,0.9375,0.9375,0.0,0.9375,0.9375,0.0,0.9375,0.9375
8.0,108.0,0.0,0.0,0.0,0.0,0.0,0.0,0.0,0.0,0.0
8.0,111.0,0.0,0.0,0.0,0.0,0.0,-4.6875,0.0,0.0,-4.6875
8.0,114.0,0.0,0.0,0.0,0.0,0.0,-9.375,0.0,0.0,-9.375
8.0,117.0,0.0,0.0,0.0,0.0,0.0,0.0,0.0,0.0,0.0
8.0,120.0,0.0,0.0,0.0,0.0,0.0,7.5,0.0,0.0,7.5
8.0,123.0,0.0,0.0,0.0,0.0,0.0,0.9375,0.0,0.0,0.9375
8.0,126.0,0.0,0.0,0.0,0.0,-4.6875,-3.75,0.0,-4.6875,-3.75
8.0,129.0,0.0,0.0,0.0,0.0,-9.375,-9.375,0.0,-9.375,-9.375
8.0,132.0,0.0,0.0,0.0,0.0,-13.125,-13.125,0.0,-13.125,-14.0625
8.0,135.0,0.0,0.0,0.0,0.0,0.0,0.0,0.0,0.0,0.0
8.0,138.0,0.0,0.0,0.0,0.0,13.125,13.125,0.0,13.125,14.0625
8.0,141.0,0.0,0.0,0.0,0.0,9.375,9.375,0.0,9.375,9.375
8.0,144.0,0.0,0.0,0.0,0.0,4.6875,4.6875,0.0,3.75,3.75
8.0,147.0,0.0,0.0,0.0,0.0,0.0,0.0,0.0,-0.9375,-0.9375
8.0,150.0,0.0,0.0,0.0,0.0,0.0,0.0,0.0,-7.5,-7.5
8.0,153.0,0.0,0.0,0.0,0.0,0.0,0.0,0.0,0.0,0.0
8.0,156.0,0.0,0.0,0.0,0.0,0.0,0.0,0.0,9.375,9.375
8.0,159.0,0.0,0.0,0.0,0.0,0.0,0.0,0.0,4.6875,4.6875
8.0,162.0,0.0,0.0,0.0,0.0,0.0,0.0,0.0,0.0,0.0
8.0,165.0,0.0,0.0,0.0,-0.9375,-0.9375,-0.9375,-0.9375,-0.9375,-0.9375
8.0,168.0,0.0,0.0,0.0,-5.625,-5.625,-5.625,-5.625,-5.625,-5.625
8.0,171.0,0.0,0.0,0.0,-9.375,-9.375,-9.375,-9.375,-9.375,-9.375
8.0,174.0,0.0,0.0,0.0,-13.125,-13.125,-13.125,-13.125,-13.125,-13.125
8.0,177.0,0.0,0.0,0.0,-15.9375,-15.9375,-15.9375,-15.0,-15.0,-15.0
8.0,180.0,0.0,0.0,0.0,0.0,0.0,0.0,-14.0625,-14.0625,-14.0625
8.0,183.0,0.0,0.0,0.0,15.9375,15.9375,15.9375,15.0,15.0,15.0
8.0,186.0,0.0,0.0,0.0,13.125,13.125,13.125,13.125,13.125,13.125
8.0,189.0,0.0,0.0,0.0,9.375,9.375,9.375,9.375,9.375,9.375
8.0,192.0,0.0,0.0,0.0,5.625,5.625,5.625,5.625,5.625,5.625
8.0,195.0,0.0,0.0,0.0,0.9375,0.9375,0.9375,0.9375,0.9375,0.9375
8.0,198.0,0.0,0.0,0.0,0.0,0.0,0.0,0.0,0.0,0.0
8.0,201.0,0.0,0.0,0.0,0.0,0.0,0.0,-4.6875,-4.6875,0.0
8.0,204.0,0.0,0.0,0.0,0.0,0.0,0.0,-9.375,-9.375,0.0
8.0,207.0,0.0,0.0,0.0,0.0,0.0,0.0,0.0,0.0,0.0
8.0,210.0,0.0,0.0,0.0,0.0,0.0,0.0,7.5,7.5,0.0
8.0,213.0,0.0,0.0,0.0,0.0,0.0,0.0,0.9375,0.9375,0.0
8.0,216.0,0.0,0.0,0.0,-4.6875,-4.6875,0.0,-3.75,-3.75,0.0
8.0,219.0,0.0,0.0,0.0,-9.375,-9.375,0.0,-9.375,-9.375,0.0
8.0,222.0,0.0,0.0,0.0,-13.125,-13.125,0.0,-14.0625,-13.125,0.0
8.0,225.0,0.0,0.0,0.0,0.0,0.0,0.0,0.0,0.0,0.0
8.0,228.0,0.0,0.0,0.0,13.125,13.125,0.0,14.0625,13.125,0.0
8.0,231.0,0.0,0.0,0.0,9.375,9.375,0.0,9.375,9.375,0.0
8.0,234.0,0.0,0.0,0.0,3.75,4.6875,0.0,3.75,4.6875,0.0
8.0,237.0,0.0,0.0,0.0,-0.9375,0.0,0.0,-0.9375,0.0,0.0
8.0,240.0,0.0,0.0,0.0,-7.5,0.0,0.0,-7.5,0.0,0.0
8.0,243.0,0.0,0.0,0.0,0.0,0.0,0.0,0.0,0.0,0.0
8.0,246.0,0.0,0.0,0.0,9.375,0.0,0.0,9.375,0.0,0.0
8.0,249.0,0.0,0.0,0.0,4.6875,0.0,0.0,4.6875,0.0,0.0
8.0,252.0,0.0,0.0,0.0,0.0,0.0,0.0,0.0,0.0,0.0
8.0,255.0,-0.9375,-0.9375,0.0,-0.9375,-0.9375,0.0,-0.9375,-0.9375,0.0
8.0,258.0,-5.625,-5.625,0.0,-5.625,-5.625,0.0,-5.625,-5.625,0.0
8.0,261.0,-9.375,-9.375,0.0,-9.375,-9.375,0.0,-9.375,-9.375,0.0
8.0,264.0,-13.125,-13.125,0.0,-13.125,-13.125,0.0,-13.125,-13.125,0.0
8.0,267.0,-15.0,-15.9375,0.0,-15.0,-15.9375,0.0,-15.0,-15.9375,0.0
8.0,270.0,-14.0625,0.0,0.0,-14.0625,0.0,0.0,-14.0625,0.0,0.0
8.0,273.0,15.0,15.9375,0.0,15.0,15.9375,0.0,15.0,15.9375,0.0
8.0,276.0,13.125,13.125,0.0,13.125,13.125,0.0,13.125,13.125,0.0
8.0,279.0,9.375,9.375,0.0,9.375,9.375,0.0,9.375,9.375,0.0
8.0,282.0,5.625,5.625,0.0,5.625,5.625,0.0,5.625,5.625,0.0
8.0,285.0,0.9375,0.9375,0.0,0.9375,0.9375,0.0,0.9375,0.9375,0.0
8.0,288.0,0.0,0.0,0.0,0.0,0.0,0.0,0.0,0.0,0.0
8.0,291.0,-4.6875,0.0,0.0,-4.6875,0.0,0.0,0.0,0.0,0.0
8.0,294.0,-9.375,0.0,0.0,-9.375,0.0,0.0,0.0,0.0,0.0
8.0,297.0,0.0,0.0,0.0,0.0,0.0,0.0,0.0,0.0,0.0
8.0,300.0,7.5,0.0,0.0,7.5,0.0,0.0,0.0,0.0,0.0
8.0,303.0,0.9375,0.0,0.0,0.9375,0.0,0.0,0.0,0.0,0.0
8.0,306.0,-3.75,-4.6875,0.0,-3.75,-4.6875,0.0,0.0,0.0,0.0
8.0,309.0,-9.375,-9.375,0.0,-9.375,-9.375,0.0,0.0,0.0,0.0
8.0,312.0,-14.0625,-13.125,0.0,-13.125,-13.125,0.0,0.0,0.0,0.0
8.0,315.0,0.0,0.0,0.0,0.0,0.0,0.0,0.0,0.0,0.0
8.0,318.0,14.0625,13.125,0.0,13.125,13.125,0.0,0.0,0.0,0.0
8.0,321.0,9.375,9.375,0.0,9.375,9.375,0.0,0.0,0.0,0.0
8.0,324.0,3.75,3.75,0.0,4.6875,4.6875,0.0,0.0,0.0,0.0
8.0,327.0,-0.9375,-0.9375,0.0,0.0,0.0,0.0,0.0,0.0,0.0
8.0,330.0,-7.5,-7.5,0.0,0.0,0.0,0.0,0.0,0.0,0.0
8.0,333.0,0.0,0.0,0.0,0.0,0.0,0.0,0.0,0.0,0.0
8.0,336.0,9.375,9.375,0.0,0.0,0.0,0.0,0.0,0.0,0.0
8.0,339.0,4.6875,4.6875,0.0,0.0,0.0,0.0,0.0,0.0,0.0
8.0,342.0,0.0,0.0,0.0,0.0,0.0,0.0,0.0,0.0,0.0
8.0,345.0,-0.9375,-0.9375,-0.9375,-0.9375,-0.9375,-0.9375,0.0,0.0,0.0
8.0,348.0,-5.625,-5.625,-5.625,-5.625,-5.625,-5.625,0.0,0.0,0.0
8.0,351.0,-9.375,-9.375,-9.375,-9.375,-9.375,-9.375,0.0,0.0,0.0
8.0,354.0,-13.125,-13.125,-13.125,-13.125,-13.125,-13.125,0.0,0.0,0.0
8.0,357.0,-15.0,-15.0,-15.0,-15.9375,-15.9375,-15.9375,0.0,0.0,0.0
9.0,0.0,12.1875,12.1875,-12.1875,-15.0,15.0,-15.0,0.0,0.0,0.0
9.0,3.0,15.0,15.0,15.0,15.9375,15.9375,15.9375,0.0,0.0,0.0
9.0,6.0,12.1875,12.1875,12.1875,15.0,15.0,15.0,0.0,0.0,0.0
9.0,9.0,9.375,9.375,9.375,10.3125,10.3125,10.3125,0.0,0.0,0.0
9.0,12.0,5.625,5.625,5.625,5.625,5.625,5.625,0.0,0.0,0.0
9.0,15.0,1.875,1.875,1.875,1.875,1.875,1.875,0.0,0.0,0.0
9.0,18.0,0.0,0.0,0.0,0.0,0.0,0.0,0.0,0.0,0.0
9.0,21.0,0.0,-5.625,-5.625,0.0,0.0,0.0,0.0,0.0,0.0
9.0,24.0,0.0,-10.3125,-10.3125,0.0,0.0,0.0,0.0,0.0,0.0
9.0,27.0,0.0,0.0,0.0,0.0,0.0,0.0,0.0,0.0,0.0
9.0,30.0,0.0,8.4375,8.4375,0.0,0.0,0.0,0.0,0.0,0.0
9.0,33.0,0.0,0.9375,0.9375,0.0,0.0,0.0,0.0,0.0,0.0
9.0,36.0,0.0,-4.6875,-4.6875,0.0,-4.6875,-4.6875,0.0,0.0,0.0
9.0,39.0,0.0,-9.375,-9.375,0.0,-10.3125,-9.375,0.0,0.0,0.0
9.0,42.0,0.0,-13.125,-13.125,0.0,-15.0,-13.125,0.0,0.0,0.0
9.0,45.0,0.0,0.0,-13.125,0.0,13.125,0.0,0.0,0.0,0.0
9.0,48.0,0.0,13.125,13.125,0.0,15.0,13.125,0.0,0.0,0.0
9.0,51.0,0.0,9.375,9.375,0.0,10.3125,9.375,0.0,0.0,0.0
9.0,54.0,0.0,4.6875,4.6875,0.0,4.6875,4.6875,0.0,0.0,0.0
9.0,57.0,0.0,0.0,-0.9375,0.0,0.0,-0.9375,0.0,0.0,0.0
9.0,60.0,0.0,0.0,-8.4375,0.0,0.0,-8.4375,0.0,0.0,0.0
9.0,63.0,0.0,0.0,0.0,0.0,0.0,0.0,0.0,0.0,0.0
9.0,66.0,0.0,0.0,10.3125,0.0,0.0,10.3125,0.0,0.0,0.0
9.0,69.0,0.0,0.0,5.625,0.0,0.0,5.625,0.0,0.0,0.0
9.0,72.0,0.0,0.0,0.0,0.0,0.0,0.0,0.0,0.0,0.0
9.0,75.0,0.0,-1.875,-1.875,0.0,-1.875,-1.875,0.0,-1.875,-1.875
9.0,78.0,0.0,-5.625,-5.625,0.0,-5.625,-5.625,0.0,-5.625,-5.625
9.0,81.0,0.0,-10.3125,-9.375,0.0,-10.3125,-9.375,0.0,-10.3125,-9.375
9.0,84.0,0.0,-15.0,-12.1875,0.0,-15.0,-12.1875,0.0,-15.0,-12.1875
9.0,87.0,0.0,-15.9375,-15.0,0.0,-15.9375,-15.0,0.0,-15.9375,-15.0
9.0,90.0,0.0,-15.0,-12.1875,0.0,-15.0,-12.1875,0.0,-15.0,-12.1875
9.0,93.0,0.0,15.9375,15.0,0.0,15.9375,15.0,0.0,15.9375,15.0
9.0,96.0,0.0,15.0,12.1875,0.0,15.0,12.1875,0.0,15.0,12.1875
9.0,99.0,0.0,10.3125,9.375,0.0,10.3125,9.375,0.0,10.3125,9.375
9.0,102.0,0.0,5.625,5.625,0.0,5.625,5.625,0.0,5.625,5.625
9.0,105.0,0.0,1.875,1.875,0.0,1.875,1.875,0.0,1.875,1.875
9.0,108.0,0.0,0.0,0.0,0.0,0.0,0.0,0.0,0.0,0.0
9.0,111.0,0.0,0.0,0.0,0.0,0.0,-5.625,0.0,0.0,-5.625
9.0,114.0,0.0,0.0,0.0,0.0,0.0,-10.3125,0.0,0.0,-10.3125
9.0,117.0,0.0,0.0,0.0,0.0,0.0,0.0,0.0,0.0,0.0
9.0,120.0,0.0,0.0,0.0,0.0,0.0,8.4375,0.0,0.0,8.4375
9.0,123.0,0.0,0.0,0.0,0.0,0.0,0.9375,0.0,0.0,0.9375
9.0,126.0,0.0,0.0,0.0,0.0,-4.6875,-4.6875,0.0,-4.6875,-4.6875
9.0,129.0,0.0,0.0,0.0,0.0,-10.3125,-9.375,0.0,-9.375,-9.375
9.0,132.0,0.0,0.0,0.0,0.0,-15.0,-13.125,0.0,-13.125,-13.125
9.0,135.0,0.0,0.0,0.0,0.0,-13.125,0.0,0.0,0.0,-13.125
9.0,138.0,0.0,0.0,0.0,0.0,15.0,13.125,0.0,13.125,13.125
9.0,141.0,0.0,0.0,0.0,0.0,10.3125,9.375,0.0,9.375,9.375
9.0,144.0,0.0,0.0,0.0,0.0,4.6875,4.6875,0.0,4.6875,4.6875
9.0,147.0,0.0,0.0,0.0,0.0,0.0,0.0,0.0,-0.9375,-0.9375
9.0,150.0,0.0,0.0,0.0,0.0,0.0,0.0,0.0,-8.4375,-8.4375
9.0,153.0,0.0,0.0,0.0,0.0,0.0,0.0,0.0,0.0,0.0
9.0,156.0,0.0,0.0,0.0,0.0,0.0,0.0,0.0,10.3125,10.3125
9.0,159.0,0.0,0.0,0.0,0.0,0.0,0.0,0.0,5.625,5.625
9.0,162.0,0.0,0.0,0.0,0.0,0.0,0.0,0.0,0.0,0.0
9.0,165.0,0.0,0.0,0.0,-1.875,-1.875,-1.875,-1.875,-1.875,-1.875
9.0,168.0,0.0,0.0,0.0,-5.625,-5.625,-5.625,-5.625,-5.625,-5.625
9.0,171.0,0.0,0.0,0.0,-10.3125,-10.3125,-10.3125,-9.375,-9.375,-9.375
9.0,174.0,0.0,0.0,0.0,-15.0,-15.0,-15.0,-12.1875,-12.1875,-12.1875
9.0,177.0,0.0,0.0,0.0,-15.9375,-15.9375,-15.9375,-15.0,-15.0,-15.0
9.0,180.0,0.0,0.0,0.0,-15.0,-15.0,-15.0,-12.1875,-12.1875,-12.1875
9.0,183.0,0.0,0.0,0.0,15.9375,15.9375,15.9375,15.0,15.0,15.0
9.0,186.0,0.0,0.0,0.0,15.0,15.0,15.0,12.1875,12.1875,12.1875
9.0,189.0,0.0,0.0,0.0,10.3125,10.3125,10.3125,9.375,9.375,9.375
9.0,192.0,0.0,0.0,0.0,5.625,5.625,5.625,5.625,5.625,5.625
9.0,195.0,0.0,0.0,0.0,1.875,1.875,1.875,1.875,1.875,1.875
9.0,198.0,0.0,0.0,0.0,0.0,0.0,0.0,0.0,0.0,0.0
9.0,201.0,0.0,0.0,0.0,0.0,0.0,0.0,-5.625,-5.625,0.0
9.0,204.0,0.0,0.0,0.0,0.0,0.0,0.0,-10.3125,-10.3125,0.0
9.0,207.0,0.0,0.0,0.0,0.0,0.0,0.0,0.0,0.0,0.0
9.0,210.0,0.0,0.0,0.0,0.0,0.0,0.0,8.4375,8.4375,0.0
9.0,213.0,0.0,0.0,0.0,0.0,0.0,0.0,0.9375,0.9375,0.0
9.0,216.0,0.0,0.0,0.0,-4.6875,-4.6875,0.0,-4.6875,-4.6875,0.0
9.0,219.0,0.0,0.0,0.0,-9.375,-10.3125,0.0,-9.375,-9.375,0.0
9.0,222.0,0.0,0.0,0.0,-13.125,-15.0,0.0,-13.125,-13.125,0.0
9.0,225.0,0.0,0.0,0.0,0.0,13.125,0.0,-13.125,0.0,0.0
9.0,228.0,0.0,0.0,0.0,13.125,15.0,0.0,13.125,13.125,0.0
9.0,231.0,0.0,0.0,0.0,9.375,10.3125,0.0,9.375,9.375,0.0
9.0,234.0,0.0,0.0,0.0,4.6875,4.6875,0.0,4.6875,4.6875,0.0
9.0,237.0,0.0,0.0,0.0,-0.9375,0.0,0.0,-0.9375,0.0,0.0
9.0,240.0,0.0,0.0,0.0,-8.4375,0.0,0.0,-8.4375,0.0,0.0
9.0,243.0,0.0,0.0,0.0,0.0,0.0,0.0,0.0,0.0,0.0
9.0,246.0,0.0,0.0,0.0,10.3125,0.0,0.0,10.3125,0.0,0.0
9.0,249.0,0.0,0.0,0.0,5.625,0.0,0.0,5.625,0.0,0.0
9.0,252.0,0.0,0.0,0.0,0.0,0.0,0.0,0.0,0.0,0.0
9.0,255.0,-1.875,-1.875,0.0,-1.875,-1.875,0.0,-1.875,-1.875,0.0
9.0,258.0,-5.625,-5.625,0.0,-5.625,-5.625,0.0,-5.625,-5.625,0.0
9.0,261.0,-9.375,-10.3125,0.0,-9.375,-10.3125,0.0,-9.375,-10.3125,0.0
9.0,264.0,-12.1875,-15.0,0.0,-12.1875,-15.0,0.0,-12.1875,-15.0,0.0
9.0,267.0,-15.0,-15.9375,0.0,-15.0,-15.9375,0.0,-15.0,-15.9375,0.0
9.0,270.0,-12.1875,-15.0,0.0,-12.1875,-15.0,0.0,-12.1875,-15.0,0.0
9.0,273.0,15.0,15.9375,0.0,15.0,15.9375,0.0,15.0,15.9375,0.0
9.0,276.0,12.1875,15.0,0.0,12.1875,15.0,0.0,12.1875,15.0,0.0
9.0,279.0,9.375,10.3125,0.0,9.375,10.3125,0.0,9.375,10.3125,0.0
9.0,282.0,5.625,5.625,0.0,5.625,5.625,0.0,5.625,5.625,0.0
9.0,285.0,1.875,1.875,0.0,1.875,1.875,0.0,1.875,1.875,0.0
9.0,288.0,0.0,0.0,0.0,0.0,0.0,0.0,0.0,0.0,0.0
9.0,291.0,-5.625,0.0,0.0,-5.625,0.0,0.0,0.0,0.0,0.0
9.0,294.0,-10.3125,0.0,0.0,-10.3125,0.0,0.0,0.0,0.0,0.0
9.0,297.0,0.0,0.0,0.0,0.0,0.0,0.0,0.0,0.0,0.0
9.0,300.0,8.4375,0.0,0.0,8.4375,0.0,0.0,0.0,0.0,0.0
9.0,303.0,0.9375,0.0,0.0,0.9375,0.0,0.0,0.0,0.0,0.0
9.0,306.0,-4.6875,-4.6875,0.0,-4.6875,-4.6875,0.0,0.0,0.0,0.0
9.0,309.0,-9.375,-9.375,0.0,-9.375,-10.3125,0.0,0.0,0.0,0.0
9.0,312.0,-13.125,-13.125,0.0,-13.125,-15.0,0.0,0.0,0.0,0.0
9.0,315.0,-13.125,0.0,0.0,0.0,-13.125,0.0,0.0,0.0,0.0
9.0,318.0,13.125,13.125,0.0,13.125,15.0,0.0,0.0,0.0,0.0
9.0,321.0,9.375,9.375,0.0,9.375,10.3125,0.0,0.0,0.0,0.0
9.0,324.0,4.6875,4.6875,0.0,4.6875,4.6875,0.0,0.0,0.0,0.0
9.0,327.0,-0.9375,-0.9375,0.0,0.0,0.0,0.0,0.0,0.0,0.0
9.0,330.0,-8.4375,-8.4375,0.0,0.0,0.0,0.0,0.0,0.0,0.0
9.0,333.0,0.0,0.0,0.0,0.0,0.0,0.0,0.0,0.0,0.0
9.0,336.0,10.3125,10.3125,0.0,0.0,0.0,0.0,0.0,0.0,0.0
9.0,339.0,5.625,5.625,0.0,0.0,0.0,0.0,0.0,0.0,0.0
9.0,342.0,0.0,0.0,0.0,0.0,0.0,0.0,0.0,0.0,0.0
9.0,345.0,-1.875,-1.875,-1.875,-1.875,-1.875,-1.875,0.0,0.0,0.0
9.0,348.0,-5.625,-5.625,-5.625,-5.625,-5.625,-5.625,0.0,0.0,0.0
9.0,351.0,-9.375,-9.375,-9.375,-10.3125,-10.3125,-10.3125,0.0,0.0,0.0
9.0,354.0,-12.1875,-12.1875,-12.1875,-15.0,-15.0,-15.0,0.0,0.0,0.0
9.0,357.0,-15.0,-15.0,-15.0,-15.9375,-15.9375,-15.9375,0.0,0.0,0.0
10.0,0.0,-13.125,-13.125,-13.125,15.0,-15.0,-15.0,0.0,0.0,0.0
10.0,3.0,15.0,15.0,15.0,15.9375,15.9375,15.9375,0.0,0.0,0.0
10.0,6.0,12.1875,12.1875,12.1875,15.0,15.0,15.0,0.0,0.0,0.0
10.0,9.0,9.375,9.375,9.375,10.3125,10.3125,10.3125,0.0,0.0,0.0
10.0,12.0,5.625,5.625,5.625,5.625,5.625,5.625,0.0,0.0,0.0
10.0,15.0,1.875,1.875,1.875,1.875,1.875,1.875,0.0,0.0,0.0
10.0,18.0,0.0,0.0,0.0,0.0,0.0,0.0,0.0,0.0,0.0
10.0,21.0,0.0,-5.625,-5.625,0.0,0.0,0.0,0.0,0.0,0.0
10.0,24.0,0.0,-10.3125,-10.3125,0.0,0.0,0.0,0.0,0.0,0.0
10.0,27.0,0.0,5.625,5.625,0.0,0.0,0.0,0.0,0.0,0.0
10.0,30.0,0.0,8.4375,8.4375,0.0,0.0,0.0,0.0,0.0,0.0
10.0,33.0,0.0,0.9375,0.9375,0.0,0.0,0.0,0.0,0.0,0.0
10.0,36.0,0.0,-4.6875,-4.6875,0.0,-4.6875,-4.6875,0.0,0.0,0.0
10.0,39.0,0.0,-9.375,-10.3125,0.0,-10.3125,-9.375,0.0,0.0,0.0
10.0,42.0,0.0,-13.125,-13.125,0.0,-15.0,-13.125,0.0,0.0,0.0
10.0,45.0,0.0,0.0,-13.125,0.0,13.125,0.0,0.0,0.0,0.0
10.0,48.0,0.0,13.125,13.125,0.0,15.0,13.125,0.0,0.0,0.0
10.0,51.0,0.0,9.375,10.3125,0.0,10.3125,9.375,0.0,0.0,0.0
10.0,54.0,0.0,4.6875,4.6875,0.0,4.6875,4.6875,0.0,0.0,0.0
10.0,57.0,0.0,0.0,-0.9375,0.0,0.0,-0.9375,0.0,0.0,0.0
10.0,60.0,0.0,0.0,-8.4375,0.0,0.0,-8.4375,0.0,0.0,0.0
10.0,63.0,0.0,0.0,-5.625,0.0,0.0,-5.625,0.0,0.0,0.0
10.0,66.0,0.0,0.0,10.3125,0.0,0.0,10.3125,0.0,0.0,0.0
10.0,69.0,0.0,0.0,5.625,0.0,0.0,5.625,0.0,0.0,0.0
10.0,72.0,0.0,0.0,0.0,0.0,0.0,0.0,0.0,0.0,0.0
10.0,75.0,0.0,-1.875,-1.875,0.0,-1.875,-1.875,0.0,-1.875,-1.875
10.0,78.0,0.0,-5.625,-5.625,0.0,-5.625,-5.625,0.0,-5.625,-5.625
10.0,81.0,0.0,-10.3125,-9.375,0.0,-10.3125,-9.375,0.0,-10.3125,-9.375
10.0,84.0,0.0,-15.0,-12.1875,0.0,-15.0,-12.1875,0.0,-15.0,-12.1875
10.0,87.0,0.0,-15.9375,-15.0,0.0,-15.9375,-15.0,0.0,-15.9375,-15.0
10.0,90.0,0.0,-15.0,-13.125,0.0,-15.0,-13.125,0.0,-15.0,-13.125
10.0,93.0,0.0,15.9375,15.0,0.0,15.9375,15.0,0.0,15.9375,15.0
10.0,96.0,0.0,15.0,12.1875,0.0,15.0,12.1875,0.0,15.0,12.1875
10.0,99.0,0.0,10.3125,9.375,0.0,10.3125,9.375,0.0,10.3125,9.375
10.0,102.0,0.0,5.625,5.625,0.0,5.625,5.625,0.0,5.625,5.625
10.0,105.0,0.0,1.875,1.875,0.0,1.875,1.875,0.0,1.875,1.875
10.0,108.0,0.0,0.0,0.0,0.0,0.0,0.0,0.0,0.0,0.0
10.0,111.0,0.0,0.0,0.0,0.0,0.0,-5.625,0.0,0.0,-5.625
10.0,114.0,0.0,0.0,0.0,0.0,0.0,-10.3125,0.0,0.0,-10.3125
10.0,117.0,0.0,0.0,0.0,0.0,0.0,5.625,0.0,0.0,5.625
10.0,120.0,0.0,0.0,0.0,0.0,0.0,8.4375,0.0,0.0,8.4375
10.0,123.0,0.0,0.0,0.0,0.0,0.0,0.9375,0.0,0.0,0.9375
10.0,126.0,0.0,0.0,0.0,0.0,-4.6875,-4.6875,0.0,-4.6875,-4.6875
10.0,129.0,0.0,0.0,0.0,0.0,-10.3125,-9.375,0.0,-9.375,-10.3125
10.0,132.0,0.0,0.0,0.0,0.0,-15.0,-13.125,0.0,-13.125,-13.125
10.0,135.0,0.0,0.0,0.0,0.0,-13.125,0.0,0.0,0.0,-13.125
10.0,138.0,0.0,0.0,0.0,0.0,15.0,13.125,0.0,13.125,13.125
10.0,141.0,0.0,0.0,0.0,0.0,10.3125,9.375,0.0,9.375,10.3125
10.0,144.0,0.0,0.0,0.0,0.0,4.6875,4.6875,0.0,4.6875,4.6875
10.0,147.0,0.0,0.0,0.0,0.0,0.0,0.0,0.0,-0.9375,-0.9375
10.0,150.0,0.0,0.0,0.0,0.0,0.0,0.0,0.0,-8.4375,-8.4375
10.0,153.0,0.0,0.0,0.0,0.0,0.0,0.0,0.0,-5.625,-5.625
10.0,156.0,0.0,0.0,0.0,0.0,0.0,0.0,0.0,10.3125,10.3125
10.0,159.0,0.0,0.0,0.0,0.0,0.0,0.0,0.0,5.625,5.625
10.0,162.0,0.0,0.0,0.0,0.0,0.0,0.0,0.0,0.0,0.0
10.0,165.0,0.0,0.0,0.0,-1.875,-1.875,-1.875,-1.875,-1.875,-1.875
10.0,168.0,0.0,0.0,0.0,-5.625,-5.625,-5.625,-5.625,-5.625,-5.625
10.0,171.0,0.0,0.0,0.0,-10.3125,-10.3125,-10.3125,-9.375,-9.375,-9.375
10.0,174.0,0.0,0.0,0.0,-15.0,-15.0,-15.0,-12.1875,-12.1875,-12.1875
10.0,177.0,0.0,0.0,0.0,-15.9375,-15.9375,-15.9375,-15.0,-15.0,-15.0
10.0,180.0,0.0,0.0,0.0,-15.0,-15.0,-15.0,-13.125,-13.125,-13.125
10.0,183.0,0.0,0.0,0.0,15.9375,15.9375,15.9375,15.0,15.0,15.0
10.0,186.0,0.0,0.0,0.0,15.0,15.0,15.0,12.1875,12.1875,12.1875
10.0,189.0,0.0,0.0,0.0,10.3125,10.3125,10.3125,9.375,9.375,9.375
10.0,192.0,0.0,0.0,0.0,5.625,5.625,5.625,5.625,5.625,5.625
10.0,195.0,0.0,0.0,0.0,1.875,1.875,1.875,1.875,1.875,1.875
10.0,198.0,0.0,0.0,0.0,0.0,0.0,0.0,0.0,0.0,0.0
10.0,201.0,0.0,0.0,0.0,0.0,0.0,0.0,-5.625,-5.625,0.0
10.0,204.0,0.0,0.0,0.0,0.0,0.0,0.0,-10.3125,-10.3125,0.0
10.0,207.0,0.0,0.0,0.0,0.0,0.0,0.0,5.625,5.625,0.0
10.0,210.0,0.0,0.0,0.0,0.0,0.0,0.0,8.4375,8.4375,0.0
10.0,213.0,0.0,0.0,0.0,0.0,0.0,0.0,0.9375,0.9375,0.0
10.0,216.0,0.0,0.0,0.0,-4.6875,-4.6875,0.0,-4.6875,-4.6875,0.0
10.0,219.0,0.0,0.0,0.0,-9.375,-10.3125,0.0,-10.3125,-9.375,0.0
10.0,222.0,0.0,0.0,0.0,-13.125,-15.0,0.0,-13.125,-13.125,0.0
10.0,225.0,0.0,0.0,0.0,0.0,-13.125,0.0,-13.125,0.0,0.0
10.0,228.0,0.0,0.0,0.0,13.125,15.0,0.0,13.125,13.125,0.0
10.0,231.0,0.0,0.0,0.0,9.375,10.3125,0.0,10.3125,9.375,0.0
10.0,234.0,0.0,0.0,0.0,4.6875,4.6875,0.0,4.6875,4.6875,0.0
10.0,237.0,0.0,0.0,0.0,-0.9375,0.0,0.0,-0.9375,0.0,0.0
10.0,240.0,0.0,0.0,0.0,-8.4375,0.0,0.0,-8.4375,0.0,0.0
10.0,243.0,0.0,0.0,0.0,-5.625,0.0,0.0,-5.625,0.0,0.0
10.0,246.0,0.0,0.0,0.0,10.3125,0.0,0.0,10.3125,0.0,0.0
10.0,249.0,0.0,0.0,0.0,5.625,0.0,0.0,5.625,0.0,0.0
10.0,252.0,0.0,0.0,0.0,0.0,0.0,0.0,0.0,0.0,0.0
10.0,255.0,-1.875,-1.875,0.0,-1.875,-1.875,0.0,-1.875,-1.875,0.0
10.0,258.0,-5.625,-5.625,0.0,-5.625,-5.625,0.0,-5.625,-5.625,0.0
10.0,261.0,-9.375,-10.3125,0.0,-9.375,-10.3125,0.0,-9.375,-10.3125,0.0
10.0,264.0,-12.1875,-15.0,0.0,-12.1875,-15.0,0.0,-12.1875,-15.0,0.0
10.0,267.0,-15.0,-15.9375,0.0,-15.0,-15.9375,0.0,-15.0,-15.9375,0.0
10.0,270.0,-13.125,-15.0,0.0,-13.125,-15.0,0.0,-13.125,-15.0,0.0
10.0,273.0,15.0,15.9375,0.0,15.0,15.9375,0.0,15.0,15.9375,0.0
10.0,276.0,12.1875,15.0,0.0,12.1875,15.0,0.0,12.1875,15.0,0.0
10.0,279.0,9.375,10.3125,0.0,9.375,10.3125,0.0,9.375,10.3125,0.0
10.0,282.0,5.625,5.625,0.0,5.625,5.625,0.0,5.625,5.625,0.0
10.0,285.0,1.875,1.875,0.0,1.875,1.875,0.0,1.875,1.875,0.0
10.0,288.0,0.0,0.0,0.0,0.0,0.0,0.0,0.0,0.0,0.0
10.0,291.0,-5.625,0.0,0.0,-5.625,0.0,0.0,0.0,0.0,0.0
10.0,294.0,-10.3125,0.0,0.0,-10.3125,0.0,0.0,0.0,0.0,0.0
10.0,297.0,5.625,0.0,0.0,5.625,0.0,0.0,0.0,0.0,0.0
10.0,300.0,8.4375,0.0,0.0,8.4375,0.0,0.0,0.0,0.0,0.0
10.0,303.0,0.9375,0.0,0.0,0.9375,0.0,0.0,0.0,0.0,0.0
10.0,306.0,-4.6875,-4.6875,0.0,-4.6875,-4.6875,0.0,0.0,0.0,0.0
10.0,309.0,-10.3125,-9.375,0.0,-9.375,-10.3125,0.0,0.0,0.0,0.0
10.0,312.0,-13.125,-13.125,0.0,-13.125,-15.0,0.0,0.0,0.0,0.0
10.0,315.0,-13.125,0.0,0.0,0.0,-13.125,0.0,0.0,0.0,0.0
10.0,318.0,13.125,13.125,0.0,13.125,15.0,0.0,0.0,0.0,0.0
10.0,321.0,10.3125,9.375,0.0,9.375,10.3125,0.0,0.0,0.0,0.0
10.0,324.0,4.6875,4.6875,0.0,4.6875,4.6875,0.0,0.0,0.0,0.0
10.0,327.0,-0.9375,-0.9375,0.0,0.0,0.0,0.0,0.0,0.0,0.0
10.0,330.0,-8.4375,-8.4375,0.0,0.0,0.0,0.0,0.0,0.0,0.0
10.0,333.0,-5.625,-5.625,0.0,0.0,0.0,0.0,0.0,0.0,0.0
10.0,336.0,10.3125,10.3125,0.0,0.0,0.0,0.0,0.0,0.0,0.0
10.0,339.0,5.625,5.625,0.0,0.0,0.0,0.0,0.0,0.0,0.0
10.0,342.0,0.0,0.0,0.0,0.0,0.0,0.0,0.0,0.0,0.0
10.0,345.0,-1.875,-1.875,-1.875,-1.875,-1.875,-1.875,0.0,0.0,0.0
10.0,348.0,-5.625,-5.625,-5.625,-5.625,-5.625,-5.625,0.0,0.0,0.0
10.0,351.0,-9.375,-9.375,-9.375,-10.3125,-10.3125,-10.3125,0.0,0.0,0.0
10.0,354.0,-12.1875,-12.1875,-12.1875,-15.0,-15.0,-15.0,0.0,0.0,0.0
10.0,357.0,-15.0,-15.0,-15.0,-15.9375,-15.9375,-15.9375,0.0,0.0,0.0
11.0,0.0,0.0,0.0,0.0,17.8125,-17.8125,-17.8125,0.0,0.0,0.0
11.0,3.0,13.125,13.125,13.125,17.8125,17.8125,17.8125,0.0,0.0,0.0
11.0,6.0,12.1875,12.1875,12.1875,15.0,15.0,15.0,0.0,0.0,0.0
11.0,9.0,9.375,9.375,9.375,9.375,9.375,9.375,0.0,0.0,0.0
11.0,12.0,5.625,5.625,5.625,5.625,5.625,5.625,0.0,0.0,0.0
11.0,15.0,1.875,1.875,1.875,1.875,1.875,1.875,0.0,0.0,0.0
11.0,18.0,0.0,0.0,0.0,0.0,0.0,0.0,0.0,0.0,0.0
11.0,21.0,0.0,-4.6875,-4.6875,0.0,0.0,0.0,0.0,0.0,0.0
11.0,24.0,0.0,-9.375,-9.375,0.0,0.0,0.0,0.0,0.0,0.0
11.0,27.0,0.0,2.8125,2.8125,0.0,0.0,0.0,0.0,0.0,0.0
11.0,30.0,0.0,7.5,7.5,0.0,0.0,0.0,0.0,0.0,0.0
11.0,33.0,0.0,0.9375,0.9375,0.0,0.0,0.0,0.0,0.0,0.0
11.0,36.0,0.0,-4.6875,-4.6875,0.0,-4.6875,-4.6875,0.0,0.0,0.0
11.0,39.0,0.0,-9.375,-9.375,0.0,-10.3125,-9.375,0.0,0.0,0.0
11.0,42.0,0.0,-11.25,-12.1875,0.0,-14.0625,-11.25,0.0,0.0,0.0
11.0,45.0,0.0,0.0,0.0,0.0,13.125,0.0,0.0,0.0,0.0
11.0,48.0,0.0,11.25,12.1875,0.0,14.0625,11.25,0.0,0.0,0.0
11.0,51.0,0.0,9.375,9.375,0.0,10.3125,9.375,0.0,0.0,0.0
11.0,54.0,0.0,4.6875,4.6875,0.0,4.6875,4.6875,0.0,0.0,0.0
11.0,57.0,0.0,0.0,-0.9375,0.0,0.0,-0.9375,0.0,0.0,0.0
11.0,60.0,0.0,0.0,-7.5,0.0,0.0,-7.5,0.0,0.0,0.0
11.0,63.0,0.0,0.0,-2.8125,0.0,0.0,-2.8125,0.0,0.0,0.0
11.0,66.0,0.0,0.0,9.375,0.0,0.0,9.375,0.0,0.0,0.0
11.0,69.0,0.0,0.0,4.6875,0.0,0.0,4.6875,0.0,0.0,0.0
11.0,72.0,0.0,0.0,0.0,0.0,0.0,0.0,0.0,0.0,0.0
11.0,75.0,0.0,-1.875,-1.875,0.0,-1.875,-1.875,0.0,-1.875,-1.875
11.0,78.0,0.0,-5.625,-5.625,0.0,-5.625,-5.625,0.0,-5.625,-5.625
11.0,81.0,0.0,-9.375,-9.375,0.0,-9.375,-9.375,0.0,-9.375,-9.375
11.0,84.0,0.0,-15.0,-12.1875,0.0,-15.0,-12.1875,0.0,-15.0,-12.1875
11.0,87.0,0.0,-17.8125,-13.125,0.0,-17.8125,-13.125,0.0,-17.8125,-13.125
11.0,90.0,0.0,-17.8125,0.0,0.0,-17.8125,0.0,0.0,-17.8125,0.0
11.0,93.0,0.0,17.8125,13.125,0.0,17.8125,13.125,0.0,17.8125,13.125
11.0,96.0,0.0,15.0,12.1875,0.0,15.0,12.1875,0.0,15.0,12.1875
11.0,99.0,0.0,9.375,9.375,0.0,9.375,9.375,0.0,9.375,9.375
11.0,102.0,0.0,5.625,5.625,0.0,5.625,5.625,0.0,5.625,5.625
11.0,105.0,0.0,1.875,1.875,0.0,1.875,1.875,0.0,1.875,1.875
11.0,108.0,0.0,0.0,0.0,0.0,0.0,0.0,0.0,0.0,0.0
11.0,111.0,0.0,0.0,0.0,0.0,0.0,-4.6875,0.0,0.0,-4.6875
11.0,114.0,0.0,0.0,0.0,0.0,0.0,-9.375,0.0,0.0,-9.375
11.0,117.0,0.0,0.0,0.0,0.0,0.0,2.8125,0.0,0.0,2.8125
11.0,120.0,0.0,0.0,0.0,0.0,0.0,7.5,0.0,0.0,7.5
11.0,123.0,0.0,0.0,0.0,0.0,0.0,0.9375,0.0,0.0,0.9375
11.0,126.0,0.0,0.0,0.0,0.0,-4.6875,-4.6875,0.0,-4.6875,-4.6875
11.0,129.0,0.0,0.0,0.0,0.0,-10.3125,-9.375,0.0,-9.375,-9.375
11.0,132.0,0.0,0.0,0.0,0.0,-14.0625,-11.25,0.0,-11.25,-12.1875
11.0,135.0,0.0,0.0,0.0,0.0,-13.125,0.0,0.0,0.0,0.0
11.0,138.0,0.0,0.0,0.0,0.0,14.0625,11.25,0.0,11.25,12.1875
11.0,141.0,0.0,0.0,0.0,0.0,10.3125,9.375,0.0,9.375,9.375
11.0,144.0,0.0,0.0,0.0,0.0,4.6875,4.6875,0.0,4.6875,4.6875
11.0,147.0,0.0,0.0,0.0,0.0,0.0,0.0,0.0,-0.9375,-0.9375
11.0,150.0,0.0,0.0,0.0,0.0,0.0,0.0,0.0,-7.5,-7.5
11.0,153.0,0.0,0.0,0.0,0.0,0.0,0.0,0.0,-2.8125,-2.8125
11.0,156.0,0.0,0.0,0.0,0.0,0.0,0.0,0.0,9.375,9.375
11.0,159.0,0.0,0.0,0.0,0.0,0.0,0.0,0.0,4.6875,4.6875
11.0,162.0,0.0,0.0,0.0,0.0,0.0,0.0,0.0,0.0,0.0
11.0,165.0,0.0,0.0,0.0,-1.875,-1.875,-1.875,-1.875,-1.875,-1.875
11.0,168.0,0.0,0.0,0.0,-5.625,-5.625,-5.625,-5.625,-5.625,-5.625
11.0,171.0,0.0,0.0,0.0,-9.375,-9.375,-9.375,-9.375,-9.375,-9.375
11.0,174.0,0.0,0.0,0.0,-15.0,-15.0,-15.0,-12.1875,-12.1875,-12.1875
11.0,177.0,0.0,0.0,0.0,-17.8125,-17.8125,-17.8125,-13.125,-13.125,-13.125
11.0,180.0,0.0,0.0,0.0,-17.8125,-17.8125,-17.8125,0.0,0.0,0.0
11.0,183.0,0.0,0.0,0.0,17.8125,17.8125,17.8125,13.125,13.125,13.125
11.0,186.0,0.0,0.0,0.0,15.0,15.0,15.0,12.1875,12.1875,12.1875
11.0,189.0,0.0,0.0,0.0,9.375,9.375,9.375,9.375,9.375,9.375
11.0,192.0,0.0,0.0,0.0,5.625,5.625,5.625,5.625,5.625,5.625
11.0,195.0,0.0,0.0,0.0,1.875,1.875,1.875,1.875,1.875,1.875
11.0,198.0,0.0,0.0,0.0,0.0,0.0,0.0,0.0,0.0,0.0
11.0,201.0,0.0,0.0,0.0,0.0,0.0,0.0,-4.6875,-4.6875,0.0
11.0,204.0,0.0,0.0,0.0,0.0,0.0,0.0,-9.375,-9.375,0.0
11.0,207.0,0.0,0.0,0.0,0.0,0.0,0.0,2.8125,2.8125,0.0
11.0,210.0,0.0,0.0,0.0,0.0,0.0,0.0,7.5,7.5,0.0
11.0,213.0,0.0,0.0,0.0,0.0,0.0,0.0,0.9375,0.9375,0.0
11.0,216.0,0.0,0.0,0.0,-4.6875,-4.6875,0.0,-4.6875,-4.6875,0.0
11.0,219.0,0.0,0.0,0.0,-9.375,-10.3125,0.0,-9.375,-9.375,0.0
11.0,222.0,0.0,0.0,0.0,-11.25,-14.0625,0.0,-12.1875,-11.25,0.0
11.0,225.0,0.0,0.0,0.0,0.0,-13.125,0.0,0.0,0.0,0.0
11.0,228.0,0.0,0.0,0.0,11.25,14.0625,0.0,12.1875,11.25,0.0
11.0,231.0,0.0,0.0,0.0,9.375,10.3125,0.0,9.375,9.375,0.0
11.0,234.0,0.0,0.0,0.0,4.6875,4.6875,0.0,4.6875,4.6875,0.0
11.0,237.0,0.0,0.0,0.0,-0.9375,0.0,0.0,-0.9375,0.0,0.0
11.0,240.0,0.0,0.0,0.0,-7.5,0.0,0.0,-7.5,0.0,0.0
11.0,243.0,0.0,0.0,0.0,-2.8125,0.0,0.0,-2.8125,0.0,0.0
11.0,246.0,0.0,0.0,0.0,9.375,0.0,0.0,9.375,0.0,0.0
11.0,249.0,0.0,0.0,0.0,4.6875,0.0,0.0,4.6875,0.0,0.0
11.0,252.0,0.0,0.0,0.0,0.0,0.0,0.0,0.0,0.0,0.0
11.0,255.0,-1.875,-1.875,0.0,-1.875,-1.875,0.0,-1.875,-1.875,0.0
11.0,258.0,-5.625,-5.625,0.0,-5.625,-5.625,0.0,-5.625,-5.625,0.0
11.0,261.0,-9.375,-9.375,0.0,-9.375,-9.375,0.0,-9.375,-9.375,0.0
11.0,264.0,-12.1875,-15.0,0.0,-12.1875,-15.0,0.0,-12.1875,-15.0,0.0
11.0,267.0,-13.125,-17.8125,0.0,-13.125,-17.8125,0.0,-13.125,-17.8125,0.0
11.0,270.0,0.0,-17.8125,0.0,0.0,-17.8125,0.0,0.0,-17.8125,0.0
11.0,273.0,13.125,17.8125,0.0,13.125,17.8125,0.0,13.125,17.8125,0.0
11.0,276.0,12.1875,15.0,0.0,12.1875,15.0,0.0,12.1875,15.0,0.0
11.0,279.0,9.375,9.375,0.0,9.375,9.375,0.0,9.375,9.375,0.0
11.0,282.0,5.625,5.625,0.0,5.625,5.625,0.0,5.625,5.625,0.0
11.0,285.0,1.875,1.875,0.0,1.875,1.875,0.0,1.875,1.875,0.0
11.0,288.0,0.0,0.0,0.0,0.0,0.0,0.0,0.0,0.0,0.0
11.0,291.0,-4.6875,0.0,0.0,-4.6875,0.0,0.0,0.0,0.0,0.0
11.0,294.0,-9.375,0.0,0.0,-9.375,0.0,0.0,0.0,0.0,0.0
11.0,297.0,2.8125,0.0,0.0,2.8125,0.0,0.0,0.0,0.0,0.0
11.0,300.0,7.5,0.0,0.0,7.5,0.0,0.0,0.0,0.0,0.0
11.0,303.0,0.9375,0.0,0.0,0.9375,0.0,0.0,0.0,0.0,0.0
11.0,306.0,-4.6875,-4.6875,0.0,-4.6875,-4.6875,0.0,0.0,0.0,0.0
11.0,309.0,-9.375,-9.375,0.0,-9.375,-10.3125,0.0,0.0,0.0,0.0
11.0,312.0,-12.1875,-11.25,0.0,-11.25,-14.0625,0.0,0.0,0.0,0.0
11.0,315.0,0.0,0.0,0.0,0.0,-13.125,0.0,0.0,0.0,0.0
11.0,318.0,12.1875,11.25,0.0,11.25,14.0625,0.0,0.0,0.0,0.0
11.0,321.0,9.375,9.375,0.0,9.375,10.3125,0.0,0.0,0.0,0.0
11.0,324.0,4.6875,4.6875,0.0,4.6875,4.6875,0.0,0.0,0.0,0.0
11.0,327.0,-0.9375,-0.9375,0.0,0.0,0.0,0.0,0.0,0.0,0.0
11.0,330.0,-7.5,-7.5,0.0,0.0,0.0,0.0,0.0,0.0,0.0
11.0,333.0,-2.8125,-2.8125,0.0,0.0,0.0,0.0,0.0,0.0,0.0
11.0,336.0,9.375,9.375,0.0,0.0,0.0,0.0,0.0,0.0,0.0
11.0,339.0,4.6875,4.6875,0.0,0.0,0.0,0.0,0.0,0.0,0.0
11.0,342.0,0.0,0.0,0.0,0.0,0.0,0.0,0.0,0.0,0.0
11.0,345.0,-1.875,-1.875,-1.875,-1.875,-1.875,-1.875,0.0,0.0,0.0
11.0,348.0,-5.625,-5.625,-5.625,-5.625,-5.625,-5.625,0.0,0.0,0.0
11.0,351.0,-9.375,-9.375,-9.375,-9.375,-9.375,-9.375,0.0,0.0,0.0
11.0,354.0,-12.1875,-12.1875,-12.1875,-15.0,-15.0,-15.0,0.0,0.0,0.0
11.0,357.0,-13.125,-13.125,-13.125,-17.8125,-17.8125,-17.8125,0.0,0.0,0.0
12.0,0.0,0.0,0.0,0.0,15.9375,15.9375,-15.9375,0.0,0.0,0.0
12.0,3.0,8.4375,8.4375,8.4375,17.8125,17.8125,17.8125,0.0,0.0,0.0
12.0,6.0,8.4375,8.4375,8.4375,17.8125,17.8125,17.8125,0.0,0.0,0.0
12.0,9.0,8.4375,8.4375,8.4375,11.25,11.25,11.25,0.0,0.0,0.0
12.0,12.0,5.625,5.625,5.625,5.625,5.625,5.625,0.0,0.0,0.0
12.0,15.0,1.875,1.875,1.875,1.875,1.875,1.875,0.0,0.0,0.0
12.0,18.0,0.0,-0.9375,-0.9375,0.0,0.0,0.0,0.0,0.0,0.0
12.0,21.0,0.0,-5.625,-5.625,0.0,0.0,0.0,0.0,0.0,0.0
12.0,24.0,0.0,-8.4375,-8.4375,0.0,0.0,0.0,0.0,0.0,0.0
12.0,27.0,0.0,0.0,0.0,0.0,0.0,0.0,0.0,0.0,0.0
12.0,30.0,0.0,8.4375,8.4375,0.0,0.0,0.0,0.0,0.0,0.0
12.0,33.0,0.0,1.875,1.875,0.0,0.0,0.0,0.0,0.0,0.0
12.0,36.0,0.0,-4.6875,-4.6875,0.0,-4.6875,-4.6875,0.0,0.0,0.0
12.0,39.0,0.0,-9.375,-8.4375,0.0,-11.25,-9.375,0.0,0.0,0.0
12.0,42.0,0.0,-6.5625,-8.4375,0.0,-13.125,-6.5625,0.0,0.0,0.0
12.0,45.0,0.0,0.0,0.0,0.0,13.125,0.0,0.0,0.0,0.0
12.0,48.0,0.0,6.5625,8.4375,0.0,13.125,6.5625,0.0,0.0,0.0
12.0,51.0,0.0,9.375,8.4375,0.0,11.25,9.375,0.0,0.0,0.0
12.0,54.0,0.0,4.6875,4.6875,0.0,4.6875,4.6875,0.0,0.0,0.0
12.0,57.0,0.0,0.0,-1.875,0.0,0.0,-1.875,0.0,0.0,0.0
12.0,60.0,0.0,0.0,-8.4375,0.0,0.0,-8.4375,0.0,0.0,0.0
12.0,63.0,0.0,0.0,0.0,0.0,0.0,0.0,0.0,0.0,0.0
12.0,66.0,0.0,0.0,8.4375,0.0,0.0,8.4375,0.0,0.0,0.0
12.0,69.0,0.0,0.0,5.625,0.0,0.0,5.625,0.0,0.0,0.0
12.0,72.0,0.0,0.0,0.9375,0.0,0.0,0.9375,0.0,0.0,0.0
12.0,75.0,0.0,-1.875,-1.875,0.0,-1.875,-1.875,0.0,-1.875,-1.875
12.0,78.0,0.0,-5.625,-5.625,0.0,-5.625,-5.625,0.0,-5.625,-5.625
12.0,81.0,0.0,-11.25,-8.4375,0.0,-11.25,-8.4375,0.0,-11.25,-8.4375
12.0,84.0,0.0,-17.8125,-8.4375,0.0,-17.8125,-8.4375,0.0,-17.8125,-8.4375
12.0,87.0,0.0,-17.8125,-8.4375,0.0,-17.8125,-8.4375,0.0,-17.8125,-8.4375
12.0,90.0,0.0,-15.9375,0.0,0.0,-15.9375,0.0,0.0,-15.9375,0.0
12.0,93.0,0.0,17.8125,8.4375,0.0,17.8125,8.4375,0.0,17.8125,8.4375
12.0,96.0,0.0,17.8125,8.4375,0.0,17.8125,8.4375,0.0,17.8125,8.4375
12.0,99.0,0.0,11.25,8.4375,0.0,11.25,8.4375,0.0,11.25,8.4375
12.0,102.0,0.0,5.625,5.625,0.0,5.625,5.625,0.0,5.625,5.625
12.0,105.0,0.0,1.875,1.875,0.0,1.875,1.875,0.0,1.875,1.875
12.0,108.0,0.0,0.0,0.0,0.0,0.0,-0.9375,0.0,0.0,-0.9375
12.0,111.0,0.0,0.0,0.0,0.0,0.0,-5.625,0.0,0.0,-5.625
12.0,114.0,0.0,0.0,0.0,0.0,0.0,-8.4375,0.0,0.0,-8.4375
12.0,117.0,0.0,0.0,0.0,0.0,0.0,0.0,0.0,0.0,0.0
12.0,120.0,0.0,0.0,0.0,0.0,0.0,8.4375,0.0,0.0,8.4375
12.0,123.0,0.0,0.0,0.0,0.0,0.0,1.875,0.0,0.0,1.875
12.0,126.0,0.0,0.0,0.0,0.0,-4.6875,-4.6875,0.0,-4.6875,-4.6875
12.0,129.0,0.0,0.0,0.0,0.0,-11.25,-9.375,0.0,-9.375,-8.4375
12.0,132.0,0.0,0.0,0.0,0.0,-13.125,-6.5625,0.0,-6.5625,-8.4375
12.0,135.0,0.0,0.0,0.0,0.0,-13.125,0.0,0.0,0.0,0.0
12.0,138.0,0.0,0.0,0.0,0.0,13.125,6.5625,0.0,6.5625,8.4375
12.0,141.0,0.0,0.0,0.0,0.0,11.25,9.375,0.0,9.375,8.4375
12.0,144.0,0.0,0.0,0.0,0.0,4.6875,4.6875,0.0,4.6875,4.6875
12.0,147.0,0.0,0.0,0.0,0.0,0.0,0.0,0.0,-1.875,-1.875
12.0,150.0,0.0,0.0,0.0,0.0,0.0,0.0,0.0,-8.4375,-8.4375
12.0,153.0,0.0,0.0,0.0,0.0,0.0,0.0,0.0,0.0,0.0
12.0,156.0,0.0,0.0,0.0,0.0,0.0,0.0,0.0,8.4375,8.4375
12.0,159.0,0.0,0.0,0.0,0.0,0.0,0.0,0.0,5.625,5.625
12.0,162.0,0.0,0.0,0.0,0.0,0.0,0.0,0.0,0.9375,0.9375
12.0,165.0,0.0,0.0,0.0,-1.875,-1.875,-1.875,-1.875,-1.875,-1.875
12.0,168.0,0.0,0.0,0.0,-5.625,-5.625,-5.625,-5.625,-5.625,-5.625
12.0,171.0,0.0,0.0,0.0,-11.25,-11.25,-11.25,-8.4375,-8.4375,-8.4375
12.0,174.0,0.0,0.0,0.0,-17.8125,-17.8125,-17.8125,-8.4375,-8.4375,-8.4375
12.0,177.0,0.0,0.0,0.0,-17.8125,-17.8125,-17.8125,-8.4375,-8.4375,-8.4375
12.0,180.0,0.0,0.0,0.0,-15.9375,-15.9375,-15.9375,0.0,0.0,0.0
12.0,183.0,0.0,0.0,0.0,17.8125,17.8125,17.8125,8.4375,8.4375,8.4375
12.0,186.0,0.0,0.0,0.0,17.8125,17.8125,17.8125,8.4375,8.4375,8.4375
12.0,189.0,0.0,0.0,0.0,11.25,11.25,11.25,8.4375,8.4375,8.4375
12.0,192.0,0.0,0.0,0.0,5.625,5.625,5.625,5.625,5.625,5.625
12.0,195.0,0.0,0.0,0.0,1.875,1.875,1.875,1.875,1.875,1.875
12.0,198.0,0.0,0.0,0.0,0.0,0.0,0.0,-0.9375,-0.9375,0.0
12.0,201.0,0.0,0.0,0.0,0.0,0.0,0.0,-5.625,-5.625,0.0
12.0,204.0,0.0,0.0,0.0,0.0,0.0,0.0,-8.4375,-8.4375,0.0
12.0,207.0,0.0,0.0,0.0,0.0,0.0,0.0,0.0,0.0,0.0
12.0,210.0,0.0,0.0,0.0,0.0,0.0,0.0,8.4375,8.4375,0.0
12.0,213.0,0.0,0.0,0.0,0.0,0.0,0.0,1.875,1.875,0.0
12.0,216.0,0.0,0.0,0.0,-4.6875,-4.6875,0.0,-4.6875,-4.6875,0.0
12.0,219.0,0.0,0.0,0.0,-9.375,-11.25,0.0,-8.4375,-9.375,0.0
12.0,222.0,0.0,0.0,0.0,-6.5625,-13.125,0.0,-8.4375,-6.5625,0.0
12.0,225.0,0.0,0.0,0.0,0.0,13.125,0.0,0.0,0.0,0.0
12.0,228.0,0.0,0.0,0.0,6.5625,13.125,0.0,8.4375,6.5625,0.0
12.0,231.0,0.0,0.0,0.0,9.375,11.25,0.0,8.4375,9.375,0.0
12.0,234.0,0.0,0.0,0.0,4.6875,4.6875,0.0,4.6875,4.6875,0.0
12.0,237.0,0.0,0.0,0.0,-1.875,0.0,0.0,-1.875,0.0,0.0
12.0,240.0,0.0,0.0,0.0,-8.4375,0.0,0.0,-8.4375,0.0,0.0
12.0,243.0,0.0,0.0,0.0,0.0,0.0,0.0,0.0,0.0,0.0
12.0,246.0,0.0,0.0,0.0,8.4375,0.0,0.0,8.4375,0.0,0.0
12.0,249.0,0.0,0.0,0.0,5.625,0.0,0.0,5.625,0.0,0.0
12.0,252.0,0.0,0.0,0.0,0.9375,0.0,0.0,0.9375,0.0,0.0
12.0,255.0,-1.875,-1.875,0.0,-1.875,-1.875,0.0,-1.875,-1.875,0.0
12.0,258.0,-5.625,-5.625,0.0,-5.625,-5.625,0.0,-5.625,-5.625,0.0
12.0,261.0,-8.4375,-11.25,0.0,-8.4375,-11.25,0.0,-8.4375,-11.25,0.0
12.0,264.0,-8.4375,-17.8125,0.0,-8.4375,-17.8125,0.0,-8.4375,-17.8125,0.0
12.0,267.0,-8.4375,-17.8125,0.0,-8.4375,-17.8125,0.0,-8.4375,-17.8125,0.0
12.0,270.0,0.0,-15.9375,0.0,0.0,-15.9375,0.0,0.0,-15.9375,0.0
12.0,273.0,8.4375,17.8125,0.0,8.4375,17.8125,0.0,8.4375,17.8125,0.0
12.0,276.0,8.4375,17.8125,0.0,8.4375,17.8125,0.0,8.4375,17.8125,0.0
12.0,279.0,8.4375,11.25,0.0,8.4375,11.25,0.0,8.4375,11.25,0.0
12.0,282.0,5.625,5.625,0.0,5.625,5.625,0.0,5.625,5.625,0.0
12.0,285.0,1.875,1.875,0.0,1.875,1.875,0.0,1.875,1.875,0.0
12.0,288.0,-0.9375,0.0,0.0,-0.9375,0.0,0.0,0.0,0.0,0.0
12.0,291.0,-5.625,0.0,0.0,-5.625,0.0,0.0,0.0,0.0,0.0
12.0,294.0,-8.4375,0.0,0.0,-8.4375,0.0,0.0,0.0,0.0,0.0
12.0,297.0,0.0,0.0,0.0,0.0,0.0,0.0,0.0,0.0,0.0
12.0,300.0,8.4375,0.0,0.0,8.4375,0.0,0.0,0.0,0.0,0.0
12.0,303.0,1.875,0.0,0.0,1.875,0.0,0.0,0.0,0.0,0.0
12.0,306.0,-4.6875,-4.6875,0.0,-4.6875,-4.6875,0.0,0.0,0.0,0.0
12.0,309.0,-8.4375,-9.375,0.0,-9.375,-11.25,0.0,0.0,0.0,0.0
12.0,312.0,-8.4375,-6.5625,0.0,-6.5625,-13.125,0.0,0.0,0.0,0.0
12.0,315.0,0.0,0.0,0.0,0.0,-13.125,0.0,0.0,0.0,0.0
12.0,318.0,8.4375,6.5625,0.0,6.5625,13.125,0.0,0.0,0.0,0.0
12.0,321.0,8.4375,9.375,0.0,9.375,11.25,0.0,0.0,0.0,0.0
12.0,324.0,4.6875,4.6875,0.0,4.6875,4.6875,0.0,0.0,0.0,0.0
12.0,327.0,-1.875,-1.875,0.0,0.0,0.0,0.0,0.0,0.0,0.0
12.0,330.0,-8.4375,-8.4375,0.0,0.0,0.0,0.0,0.0,0.0,0.0
12.0,333.0,0.0,0.0,0.0,0.0,0.0,0.0,0.0,0.0,0.0
12.0,336.0,8.4375,8.4375,0.0,0.0,0.0,0.0,0.0,0.0,0.0
12.0,339.0,5.625,5.625,0.0,0.0,0.0,0.0,0.0,0.0,0.0
12.0,342.0,0.9375,0.9375,0.0,0.0,0.0,0.0,0.0,0.0,0.0
12.0,345.0,-1.875,-1.875,-1.875,-1.875,-1.875,-1.875,0.0,0.0,0.0
12.0,348.0,-5.625,-5.625,-5.625,-5.625,-5.625,-5.625,0.0,0.0,0.0
12.0,351.0,-8.4375,-8.4375,-8.4375,-11.25,-11.25,-11.25,0.0,0.0,0.0
12.0,354.0,-8.4375,-8.4375,-8.4375,-17.8125,-17.8125,-17.8125,0.0,0.0,0.0
12.0,357.0,-8.4375,-8.4375,-8.4375,-17.8125,-17.8125,-17.8125,0.0,0.0,0.0
13.0,0.0,-22.5,22.5,-22.5,-11.25,-11.25,-11.25,0.0,0.0,0.0
13.0,3.0,22.5,22.5,22.5,15.9375,15.9375,15.9375,0.0,0.0,0.0
13.0,6.0,22.5,22.5,22.5,13.125,13.125,13.125,0.0,0.0,0.0
13.0,9.0,0.9375,0.9375,0.9375,0.0,0.0,0.0,0.0,0.0,0.0
13.0,12.0,0.0,0.0,0.0,0.0,0.0,0.0,0.0,0.0,0.0
13.0,15.0,0.0,0.0,0.0,0.0,0.0,0.0,0.0,0.0,0.0
13.0,18.0,0.0,0.0,0.0,0.0,0.0,0.0,0.0,0.0,0.0
13.0,21.0,0.0,0.0,0.0,0.0,0.0,0.0,0.0,0.0,0.0
13.0,24.0,0.0,-0.9375,-0.9375,0.0,0.0,0.0,0.0,0.0,0.0
13.0,27.0,0.0,17.8125,17.8125,0.0,0.0,0.0,0.0,0.0,0.0
13.0,30.0,0.0,0.0,0.0,0.0,0.0,0.0,0.0,0.0,0.0
13.0,33.0,0.0,0.0,0.0,0.0,0.0,0.0,0.0,0.0,0.0
13.0,36.0,0.0,0.0,0.0,0.0,0.0,0.0,0.0,0.0,0.0
13.0,39.0,0.0,0.0,-6.5625,0.0,0.0,0.0,0.0,0.0,0.0
13.0,42.0,0.0,-16.875,-22.5,0.0,-13.125,-16.875,0.0,0.0,0.0
13.0,45.0,0.0,22.5,-22.5,0.0,0.0,-22.5,0.0,0.0,0.0
13.0,48.0,0.0,16.875,22.5,0.0,13.125,16.875,0.0,0.0,0.0
13.0,51.0,0.0,0.0,6.5625,0.0,0.0,0.0,0.0,0.0,0.0
13.0,54.0,0.0,0.0,0.0,0.0,0.0,0.0,0.0,0.0,0.0
13.0,57.0,0.0,0.0,0.0,0.0,0.0,0.0,0.0,0.0,0.0
13.0,60.0,0.0,0.0,0.0,0.0,0.0,0.0,0.0,0.0,0.0
13.0,63.0,0.0,0.0,-17.8125,0.0,0.0,-17.8125,0.0,0.0,0.0
13.0,66.0,0.0,0.0,0.9375,0.0,0.0,0.9375,0.0,0.0,0.0
13.0,69.0,0.0,0.0,0.0,0.0,0.0,0.0,0.0,0.0,0.0
13.0,72.0,0.0,0.0,0.0,0.0,0.0,0.0,0.0,0.0,0.0
13.0,75.0,0.0,0.0,0.0,0.0,0.0,0.0,0.0,0.0,0.0
13.0,78.0,0.0,0.0,0.0,0.0,0.0,0.0,0.0,0.0,0.0
13.0,81.0,0.0,0.0,-0.9375,0.0,0.0,-0.9375,0.0,0.0,-0.9375
13.0,84.0,0.0,-13.125,-22.5,0.0,-13.125,-22.5,0.0,-13.125,-22.5
13.0,87.0,0.0,-15.9375,-22.5,0.0,-15.9375,-22.5,0.0,-15.9375,-22.5
13.0,90.0,0.0,-11.25,-22.5,0.0,-11.25,-22.5,0.0,-11.25,-22.5
13.0,93.0,0.0,15.9375,22.5,0.0,15.9375,22.5,0.0,15.9375,22.5
13.0,96.0,0.0,13.125,22.5,0.0,13.125,22.5,0.0,13.125,22.5
13.0,99.0,0.0,0.0,0.9375,0.0,0.0,0.9375,0.0,0.0,0.9375
13.0,102.0,0.0,0.0,0.0,0.0,0.0,0.0,0.0,0.0,0.0
13.0,105.0,0.0,0.0,0.0,0.0,0.0,0.0,0.0,0.0,0.0
13.0,108.0,0.0,0.0,0.0,0.0,0.0,0.0,0.0,0.0,0.0
13.0,111.0,0.0,0.0,0.0,0.0,0.0,0.0,0.0,0.0,0.0
13.0,114.0,0.0,0.0,0.0,0.0,0.0,-0.9375,0.0,0.0,-0.9375
13.0,117.0,0.0,0.0,0.0,0.0,0.0,17.8125,0.0,0.0,17.8125
13.0,120.0,0.0,0.0,0.0,0.0,0.0,0.0,0.0,0.0,0.0
13.0,123.0,0.0,0.0,0.0,0.0,0.0,0.0,0.0,0.0,0.0
13.0,126.0,0.0,0.0,0.0,0.0,0.0,0.0,0.0,0.0,0.0
13.0,129.0,0.0,0.0,0.0,0.0,0.0,0.0,0.0,0.0,-6.5625
13.0,132.0,0.0,0.0,0.0,0.0,-13.125,-16.875,0.0,-16.875,-22.5
13.0,135.0,0.0,0.0,0.0,0.0,0.0,22.5,0.0,-22.5,-22.5
13.0,138.0,0.0,0.0,0.0,0.0,13.125,16.875,0.0,16.875,22.5
13.0,141.0,0.0,0.0,0.0,0.0,0.0,0.0,0.0,0.0,6.5625
13.0,144.0,0.0,0.0,0.0,0.0,0.0,0.0,0.0,0.0,0.0
13.0,147.0,0.0,0.0,0.0,0.0,0.0,0.0,0.0,0.0,0.0
13.0,150.0,0.0,0.0,0.0,0.0,0.0,0.0,0.0,0.0,0.0
13.0,153.0,0.0,0.0,0.0,0.0,0.0,0.0,0.0,-17.8125,-17.8125
13.0,156.0,0.0,0.0,0.0,0.0,0.0,0.0,0.0,0.9375,0.9375
13.0,159.0,0.0,0.0,0.0,0.0,0.0,0.0,0.0,0.0,0.0
13.0,162.0,0.0,0.0,0.0,0.0,0.0,0.0,0.0,0.0,0.0
13.0,165.0,0.0,0.0,0.0,0.0,0.0,0.0,0.0,0.0,0.0
13.0,168.0,0.0,0.0,0.0,0.0,0.0,0.0,0.0,0.0,0.0
13.0,171.0,0.0,0.0,0.0,0.0,0.0,0.0,-0.9375,-0.9375,-0.9375
13.0,174.0,0.0,0.0,0.0,-13.125,-13.125,-13.125,-22.5,-22.5,-22.5
13.0,177.0,0.0,0.0,0.0,-15.9375,-15.9375,-15.9375,-22.5,-22.5,-22.5
13.0,180.0,0.0,0.0,0.0,-11.25,-11.25,-11.25,-22.5,-22.5,-22.5
13.0,183.0,0.0,0.0,0.0,15.9375,15.9375,15.9375,22.5,22.5,22.5
13.0,186.0,0.0,0.0,0.0,13.125,13.125,13.125,22.5,22.5,22.5
13.0,189.0,0.0,0.0,0.0,0.0,0.0,0.0,0.9375,0.9375,0.9375
13.0,192.0,0.0,0.0,0.0,0.0,0.0,0.0,0.0,0.0,0.0
13.0,195.0,0.0,0.0,0.0,0.0,0.0,0.0,0.0,0.0,0.0
13.0,198.0,0.0,0.0,0.0,0.0,0.0,0.0,0.0,0.0,0.0
13.0,201.0,0.0,0.0,0.0,0.0,0.0,0.0,0.0,0.0,0.0
13.0,204.0,0.0,0.0,0.0,0.0,0.0,0.0,-0.9375,-0.9375,0.0
13.0,207.0,0.0,0.0,0.0,0.0,0.0,0.0,17.8125,17.8125,0.0
13.0,210.0,0.0,0.0,0.0,0.0,0.0,0.0,0.0,0.0,0.0
13.0,213.0,0.0,0.0,0.0,0.0,0.0,0.0,0.0,0.0,0.0
13.0,216.0,0.0,0.0,0.0,0.0,0.0,0.0,0.0,0.0,0.0
13.0,219.0,0.0,0.0,0.0,0.0,0.0,0.0,-6.5625,0.0,0.0
13.0,222.0,0.0,0.0,0.0,-16.875,-13.125,0.0,-22.5,-16.875,0.0
13.0,225.0,0.0,0.0,0.0,-22.5,0.0,0.0,-22.5,22.5,0.0
13.0,228.0,0.0,0.0,0.0,16.875,13.125,0.0,22.5,16.875,0.0
13.0,231.0,0.0,0.0,0.0,0.0,0.0,0.0,6.5625,0.0,0.0
13.0,234.0,0.0,0.0,0.0,0.0,0.0,0.0,0.0,0.0,0.0
13.0,237.0,0.0,0.0,0.0,0.0,0.0,0.0,0.0,0.0,0.0
13.0,240.0,0.0,0.0,0.0,0.0,0.0,0.0,0.0,0.0,0.0
13.0,243.0,0.0,0.0,0.0,-17.8125,0.0,0.0,-17.8125,0.0,0.0
13.0,246.0,0.0,0.0,0.0,0.9375,0.0,0.0,0.9375,0.0,0.0
13.0,249.0,0.0,0.0,0.0,0.0,0.0,0.0,0.0,0.0,0.0
13.0,252.0,0.0,0.0,0.0,0.0,0.0,0.0,0.0,0.0,0.0
13.0,255.0,0.0,0.0,0.0,0.0,0.0,0.0,0.0,0.0,0.0
13.0,258.0,0.0,0.0,0.0,0.0,0.0,0.0,0.0,0.0,0.0
13.0,261.0,-0.9375,0.0,0.0,-0.9375,0.0,0.0,-0.9375,0.0,0.0
13.0,264.0,-22.5,-13.125,0.0,-22.5,-13.125,0.0,-22.5,-13.125,0.0
13.0,267.0,-22.5,-15.9375,0.0,-22.5,-15.9375,0.0,-22.5,-15.9375,0.0
13.0,270.0,-22.5,-11.25,0.0,-22.5,-11.25,0.0,-22.5,-11.25,0.0
13.0,273.0,22.5,15.9375,0.0,22.5,15.9375,0.0,22.5,15.9375,0.0
13.0,276.0,22.5,13.125,0.0,22.5,13.125,0.0,22.5,13.125,0.0
13.0,279.0,0.9375,0.0,0.0,0.9375,0.0,0.0,0.9375,0.0,0.0
13.0,282.0,0.0,0.0,0.0,0.0,0.0,0.0,0.0,0.0,0.0
13.0,285.0,0.0,0.0,0.0,0.0,0.0,0.0,0.0,0.0,0.0
13.0,288.0,0.0,0.0,0.0,0.0,0.0,0.0,0.0,0.0,0.0
13.0,291.0,0.0,0.0,0.0,0.0,0.0,0.0,0.0,0.0,0.0
13.0,294.0,-0.9375,0.0,0.0,-0.9375,0.0,0.0,0.0,0.0,0.0
13.0,297.0,17.8125,0.0,0.0,17.8125,0.0,0.0,0.0,0.0,0.0
13.0,300.0,0.0,0.0,0.0,0.0,0.0,0.0,0.0,0.0,0.0
13.0,303.0,0.0,0.0,0.0,0.0,0.0,0.0,0.0,0.0,0.0
13.0,306.0,0.0,0.0,0.0,0.0,0.0,0.0,0.0,0.0,0.0
13.0,309.0,-6.5625,0.0,0.0,0.0,0.0,0.0,0.0,0.0,0.0
13.0,312.0,-22.5,-16.875,0.0,-16.875,-13.125,0.0,0.0,0.0,0.0
13.0,315.0,-22.5,-22.5,0.0,22.5,0.0,0.0,0.0,0.0,0.0
13.0,318.0,22.5,16.875,0.0,16.875,13.125,0.0,0.0,0.0,0.0
13.0,321.0,6.5625,0.0,0.0,0.0,0.0,0.0,0.0,0.0,0.0
13.0,324.0,0.0,0.0,0.0,0.0,0.0,0.0,0.0,0.0,0.0
13.0,327.0,0.0,0.0,0.0,0.0,0.0,0.0,0.0,0.0,0.0
13.0,330.0,0.0,0.0,0.0,0.0,0.0,0.0,0.0,0.0,0.0
13.0,333.0,-17.8125,-17.8125,0.0,0.0,0.0,0.0,0.0,0.0,0.0
13.0,336.0,0.9375,0.9375,0.0,0.0,0.0,0.0,0.0,0.0,0.0
13.0,339.0,0.0,0.0,0.0,0.0,0.0,0.0,0.0,0.0,0.0
13.0,342.0,0.0,0.0,0.0,0.0,0.0,0.0,0.0,0.0,0.0
13.0,345.0,0.0,0.0,0.0,0.0,0.0,0.0,0.0,0.0,0.0
13.0,348.0,0.0,0.0,0.0,0.0,0.0,0.0,0.0,0.0,0.0
13.0,351.0,-0.9375,-0.9375,-0.9375,0.0,0.0,0.0,0.0,0.0,0.0
13.0,354.0,-22.5,-22.5,-22.5,-13.125,-13.125,-13.125,0.0,0.0,0.0
13.0,357.0,-22.5,-22.5,-22.5,-15.9375,-15.9375,-15.9375,0.0,0.0,0.0
14.0,0.0,-30.0,30.0,-30.0,0.0,0.0,0.0,0.0,0.0,0.0
14.0,3.0,20.625,20.625,20.625,15.0,15.0,15.0,0.0,0.0,0.0
14.0,6.0,0.0,0.0,0.0,0.0,0.0,0.0,0.0,0.0,0.0
14.0,9.0,0.0,0.0,0.0,0.0,0.0,0.0,0.0,0.0,0.0
14.0,12.0,0.0,0.0,0.0,0.0,0.0,0.0,0.0,0.0,0.0
14.0,15.0,0.0,0.0,0.0,0.0,0.0,0.0,0.0,0.0,0.0
14.0,18.0,0.0,0.0,0.0,0.0,0.0,0.0,0.0,0.0,0.0
14.0,21.0,0.0,0.0,0.0,0.0,0.0,0.0,0.0,0.0,0.0
14.0,24.0,0.0,0.0,0.0,0.0,0.0,0.0,0.0,0.0,0.0
14.0,27.0,0.0,0.0,0.0,0.0,0.0,0.0,0.0,0.0,0.0
14.0,30.0,0.0,0.0,0.0,0.0,0.0,0.0,0.0,0.0,0.0
14.0,33.0,0.0,0.0,0.0,0.0,0.0,0.0,0.0,0.0,0.0
14.0,36.0,0.0,0.0,0.0,0.0,0.0,0.0,0.0,0.0,0.0
14.0,39.0,0.0,0.0,0.0,0.0,0.0,0.0,0.0,0.0,0.0
14.0,42.0,0.0,0.0,-5.625,0.0,0.0,0.0,0.0,0.0,0.0
14.0,45.0,0.0,0.0,-28.125,0.0,15.9375,0.0,0.0,0.0,0.0
14.0,48.0,0.0,0.0,5.625,0.0,0.0,0.0,0.0,0.0,0.0
14.0,51.0,0.0,0.0,0.0,0.0,0.0,0.0,0.0,0.0,0.0
14.0,54.0,0.0,0.0,0.0,0.0,0.0,0.0,0.0,0.0,0.0
14.0,57.0,0.0,0.0,0.0,0.0,0.0,0.0,0.0,0.0,0.0
14.0,60.0,0.0,0.0,0.0,0.0,0.0,0.0,0.0,0.0,0.0
14.0,63.0,0.0,0.0,0.0,0.0,0.0,0.0,0.0,0.0,0.0
14.0,66.0,0.0,0.0,0.0,0.0,0.0,0.0,0.0,0.0,0.0
14.0,69.0,0.0,0.0,0.0,0.0,0.0,0.0,0.0,0.0,0.0
14.0,72.0,0.0,0.0,0.0,0.0,0.0,0.0,0.0,0.0,0.0
14.0,75.0,0.0,0.0,0.0,0.0,0.0,0.0,0.0,0.0,0.0
14.0,78.0,0.0,0.0,0.0,0.0,0.0,0.0,0.0,0.0,0.0
14.0,81.0,0.0,0.0,0.0,0.0,0.0,0.0,0.0,0.0,0.0
14.0,84.0,0.0,0.0,0.0,0.0,0.0,0.0,0.0,0.0,0.0
14.0,87.0,0.0,-15.0,-20.625,0.0,-15.0,-20.625,0.0,-15.0,-20.625
14.0,90.0,0.0,0.0,-30.0,0.0,0.0,-30.0,0.0,0.0,-30.0
14.0,93.0,0.0,15.0,20.625,0.0,15.0,20.625,0.0,15.0,20.625
14.0,96.0,0.0,0.0,0.0,0.0,0.0,0.0,0.0,0.0,0.0
14.0,99.0,0.0,0.0,0.0,0.0,0.0,0.0,0.0,0.0,0.0
14.0,102.0,0.0,0.0,0.0,0.0,0.0,0.0,0.0,0.0,0.0
14.0,105.0,0.0,0.0,0.0,0.0,0.0,0.0,0.0,0.0,0.0
14.0,108.0,0.0,0.0,0.0,0.0,0.0,0.0,0.0,0.0,0.0
14.0,111.0,0.0,0.0,0.0,0.0,0.0,0.0,0.0,0.0,0.0
14.0,114.0,0.0,0.0,0.0,0.0,0.0,0.0,0.0,0.0,0.0
14.0,117.0,0.0,0.0,0.0,0.0,0.0,0.0,0.0,0.0,0.0
14.0,120.0,0.0,0.0,0.0,0.0,0.0,0.0,0.0,0.0,0.0
14.0,123.0,0.0,0.0,0.0,0.0,0.0,0.0,0.0,0.0,0.0
14.0,126.0,0.0,0.0,0.0,0.0,0.0,0.0,0.0,0.0,0.0
14.0,129.0,0.0,0.0,0.0,0.0,0.0,0.0,0.0,0.0,0.0
14.0,132.0,0.0,0.0,0.0,0.0,0.0,0.0,0.0,0.0,-5.625
14.0,135.0,0.0,0.0,0.0,0.0,-15.9375,0.0,0.0,0.0,-28.125
14.0,138.0,0.0,0.0,0.0,0.0,0.0,0.0,0.0,0.0,5.625
14.0,141.0,0.0,0.0,0.0,0.0,0.0,0.0,0.0,0.0,0.0
14.0,144.0,0.0,0.0,0.0,0.0,0.0,0.0,0.0,0.0,0.0
14.0,147.0,0.0,0.0,0.0,0.0,0.0,0.0,0.0,0.0,0.0
14.0,150.0,0.0,0.0,0.0,0.0,0.0,0.0,0.0,0.0,0.0
14.0,153.0,0.0,0.0,0.0,0.0,0.0,0.0,0.0,0.0,0.0
14.0,156.0,0.0,0.0,0.0,0.0,0.0,0.0,0.0,0.0,0.0
14.0,159.0,0.0,0.0,0.0,0.0,0.0,0.0,0.0,0.0,0.0
14.0,162.0,0.0,0.0,0.0,0.0,0.0,0.0,0.0,0.0,0.0
14.0,165.0,0.0,0.0,0.0,0.0,0.0,0.0,0.0,0.0,0.0
14.0,168.0,0.0,0.0,0.0,0.0,0.0,0.0,0.0,0.0,0.0
14.0,171.0,0.0,0.0,0.0,0.0,0.0,0.0,0.0,0.0,0.0
14.0,174.0,0.0,0.0,0.0,0.0,0.0,0.0,0.0,0.0,0.0
14.0,177.0,0.0,0.0,0.0,-15.0,-15.0,-15.0,-20.625,-20.625,-20.625
14.0,180.0,0.0,0.0,0.0,0.0,0.0,0.0,-30.0,-30.0,-30.0
14.0,183.0,0.0,0.0,0.0,15.0,15.0,15.0,20.625,20.625,20.625
14.0,186.0,0.0,0.0,0.0,0.0,0.0,0.0,0.0,0.0,0.0
14.0,189.0,0.0,0.0,0.0,0.0,0.0,0.0,0.0,0.0,0.0
14.0,192.0,0.0,0.0,0.0,0.0,0.0,0.0,0.0,0.0,0.0
14.0,195.0,0.0,0.0,0.0,0.0,0.0,0.0,0.0,0.0,0.0
14.0,198.0,0.0,0.0,0.0,0.0,0.0,0.0,0.0,0.0,0.0
14.0,201.0,0.0,0.0,0.0,0.0,0.0,0.0,0.0,0.0,0.0
14.0,204.0,0.0,0.0,0.0,0.0,0.0,0.0,0.0,0.0,0.0
14.0,207.0,0.0,0.0,0.0,0.0,0.0,0.0,0.0,0.0,0.0
14.0,210.0,0.0,0.0,0.0,0.0,0.0,0.0,0.0,0.0,0.0
14.0,213.0,0.0,0.0,0.0,0.0,0.0,0.0,0.0,0.0,0.0
14.0,216.0,0.0,0.0,0.0,0.0,0.0,0.0,0.0,0.0,0.0
14.0,219.0,0.0,0.0,0.0,0.0,0.0,0.0,0.0,0.0,0.0
14.0,222.0,0.0,0.0,0.0,0.0,0.0,0.0,-5.625,0.0,0.0
14.0,225.0,0.0,0.0,0.0,0.0,15.9375,0.0,-28.125,0.0,0.0
14.0,228.0,0.0,0.0,0.0,0.0,0.0,0.0,5.625,0.0,0.0
14.0,231.0,0.0,0.0,0.0,0.0,0.0,0.0,0.0,0.0,0.0
14.0,234.0,0.0,0.0,0.0,0.0,0.0,0.0,0.0,0.0,0.0
14.0,237.0,0.0,0.0,0.0,0.0,0.0,0.0,0.0,0.0,0.0
14.0,240.0,0.0,0.0,0.0,0.0,0.0,0.0,0.0,0.0,0.0
14.0,243.0,0.0,0.0,0.0,0.0,0.0,0.0,0.0,0.0,0.0
14.0,246.0,0.0,0.0,0.0,0.0,0.0,0.0,0.0,0.0,0.0
14.0,249.0,0.0,0.0,0.0,0.0,0.0,0.0,0.0,0.0,0.0
14.0,252.0,0.0,0.0,0.0,0.0,0.0,0.0,0.0,0.0,0.0
14.0,255.0,0.0,0.0,0.0,0.0,0.0,0.0,0.0,0.0,0.0
14.0,258.0,0.0,0.0,0.0,0.0,0.0,0.0,0.0,0.0,0.0
14.0,261.0,0.0,0.0,0.0,0.0,0.0,0.0,0.0,0.0,0.0
14.0,264.0,0.0,0.0,0.0,0.0,0.0,0.0,0.0,0.0,0.0
14.0,267.0,-20.625,-15.0,0.0,-20.625,-15.0,0.0,-20.625,-15.0,0.0
14.0,270.0,-30.0,0.0,0.0,-30.0,0.0,0.0,-30.0,0.0,0.0
14.0,273.0,20.625,15.0,0.0,20.625,15.0,0.0,20.625,15.0,0.0
14.0,276.0,0.0,0.0,0.0,0.0,0.0,0.0,0.0,0.0,0.0
14.0,279.0,0.0,0.0,0.0,0.0,0.0,0.0,0.0,0.0,0.0
14.0,282.0,0.0,0.0,0.0,0.0,0.0,0.0,0.0,0.0,0.0
14.0,285.0,0.0,0.0,0.0,0.0,0.0,0.0,0.0,0.0,0.0
14.0,288.0,0.0,0.0,0.0,0.0,0.0,0.0,0.0,0.0,0.0
14.0,291.0,0.0,0.0,0.0,0.0,0.0,0.0,0.0,0.0,0.0
14.0,294.0,0.0,0.0,0.0,0.0,0.0,0.0,0.0,0.0,0.0
14.0,297.0,0.0,0.0,0.0,0.0,0.0,0.0,0.0,0.0,0.0
14.0,300.0,0.0,0.0,0.0,0.0,0.0,0.0,0.0,0.0,0.0
14.0,303.0,0.0,0.0,0.0,0.0,0.0,0.0,0.0,0.0,0.0
14.0,306.0,0.0,0.0,0.0,0.0,0.0,0.0,0.0,0.0,0.0
14.0,309.0,0.0,0.0,0.0,0.0,0.0,0.0,0.0,0.0,0.0
14.0,312.0,-5.625,0.0,0.0,0.0,0.0,0.0,0.0,0.0,0.0
14.0,315.0,-28.125,0.0,0.0,0.0,-15.9375,0.0,0.0,0.0,0.0
14.0,318.0,5.625,0.0,0.0,0.0,0.0,0.0,0.0,0.0,0.0
14.0,321.0,0.0,0.0,0.0,0.0,0.0,0.0,0.0,0.0,0.0
14.0,324.0,0.0,0.0,0.0,0.0,0.0,0.0,0.0,0.0,0.0
14.0,327.0,0.0,0.0,0.0,0.0,0.0,0.0,0.0,0.0,0.0
14.0,330.0,0.0,0.0,0.0,0.0,0.0,0.0,0.0,0.0,0.0
14.0,333.0,0.0,0.0,0.0,0.0,0.0,0.0,0.0,0.0,0.0
14.0,336.0,0.0,0.0,0.0,0.0,0.0,0.0,0.0,0.0,0.0
14.0,339.0,0.0,0.0,0.0,0.0,0.0,0.0,0.0,0.0,0.0
14.0,342.0,0.0,0.0,0.0,0.0,0.0,0.0,0.0,0.0,0.0
14.0,345.0,0.0,0.0,0.0,0.0,0.0,0.0,0.0,0.0,0.0
14.0,348.0,0.0,0.0,0.0,0.0,0.0,0.0,0.0,0.0,0.0
14.0,351.0,0.0,0.0,0.0,0.0,0.0,0.0,0.0,0.0,0.0
14.0,354.0,0.0,0.0,0.0,0.0,0.0,0.0,0.0,0.0,0.0
14.0,357.0,-20.625,-20.625,-20.625,-15.0,-15.0,-15.0,0.0,0.0,0.0
25.0,0.0,0.0,0.0,0.0,0.0,0.0,0.0,0.0,0.0,0.0
25.0,3.0,0.0,0.0,0.0,0.0,0.0,0.0,0.0,0.0,0.0
25.0,6.0,0.0,0.0,0.0,0.0,0.0,0.0,0.0,0.0,0.0
25.0,9.0,0.0,0.0,0.0,0.0,0.0,0.0,0.0,0.0,0.0
25.0,12.0,0.0,0.0,0.0,0.0,0.0,0.0,0.0,0.0,0.0
25.0,15.0,0.0,0.0,0.0,0.0,0.0,0.0,0.0,0.0,0.0
25.0,18.0,0.0,0.0,0.0,0.0,0.0,0.0,0.0,0.0,0.0
25.0,21.0,0.0,0.0,0.0,0.0,0.0,0.0,0.0,0.0,0.0
25.0,24.0,0.0,0.0,0.0,0.0,0.0,0.0,0.0,0.0,0.0
25.0,27.0,0.0,0.0,0.0,0.0,0.0,0.0,0.0,0.0,0.0
25.0,30.0,0.0,0.0,0.0,0.0,0.0,0.0,0.0,0.0,0.0
25.0,33.0,0.0,0.0,0.0,0.0,0.0,0.0,0.0,0.0,0.0
25.0,36.0,0.0,0.0,0.0,0.0,0.0,0.0,0.0,0.0,0.0
25.0,39.0,0.0,0.0,0.0,0.0,0.0,0.0,0.0,0.0,0.0
25.0,42.0,0.0,0.0,0.0,0.0,0.0,0.0,0.0,0.0,0.0
25.0,45.0,0.0,0.0,0.0,0.0,0.0,0.0,0.0,0.0,0.0
25.0,48.0,0.0,0.0,0.0,0.0,0.0,0.0,0.0,0.0,0.0
25.0,51.0,0.0,0.0,0.0,0.0,0.0,0.0,0.0,0.0,0.0
25.0,54.0,0.0,0.0,0.0,0.0,0.0,0.0,0.0,0.0,0.0
25.0,57.0,0.0,0.0,0.0,0.0,0.0,0.0,0.0,0.0,0.0
25.0,60.0,0.0,0.0,0.0,0.0,0.0,0.0,0.0,0.0,0.0
25.0,63.0,0.0,0.0,0.0,0.0,0.0,0.0,0.0,0.0,0.0
25.0,66.0,0.0,0.0,0.0,0.0,0.0,0.0,0.0,0.0,0.0
25.0,69.0,0.0,0.0,0.0,0.0,0.0,0.0,0.0,0.0,0.0
25.0,72.0,0.0,0.0,0.0,0.0,0.0,0.0,0.0,0.0,0.0
25.0,75.0,0.0,0.0,0.0,0.0,0.0,0.0,0.0,0.0,0.0
25.0,78.0,0.0,0.0,0.0,0.0,0.0,0.0,0.0,0.0,0.0
25.0,81.0,0.0,0.0,0.0,0.0,0.0,0.0,0.0,0.0,0.0
25.0,84.0,0.0,0.0,0.0,0.0,0.0,0.0,0.0,0.0,0.0
25.0,87.0,0.0,0.0,0.0,0.0,0.0,0.0,0.0,0.0,0.0
25.0,90.0,0.0,0.0,0.0,0.0,0.0,0.0,0.0,0.0,0.0
25.0,93.0,0.0,0.0,0.0,0.0,0.0,0.0,0.0,0.0,0.0
25.0,96.0,0.0,0.0,0.0,0.0,0.0,0.0,0.0,0.0,0.0
25.0,99.0,0.0,0.0,0.0,0.0,0.0,0.0,0.0,0.0,0.0
25.0,102.0,0.0,0.0,0.0,0.0,0.0,0.0,0.0,0.0,0.0
25.0,105.0,0.0,0.0,0.0,0.0,0.0,0.0,0.0,0.0,0.0
25.0,108.0,0.0,0.0,0.0,0.0,0.0,0.0,0.0,0.0,0.0
25.0,111.0,0.0,0.0,0.0,0.0,0.0,0.0,0.0,0.0,0.0
25.0,114.0,0.0,0.0,0.0,0.0,0.0,0.0,0.0,0.0,0.0
25.0,117.0,0.0,0.0,0.0,0.0,0.0,0.0,0.0,0.0,0.0
25.0,120.0,0.0,0.0,0.0,0.0,0.0,0.0,0.0,0.0,0.0
25.0,123.0,0.0,0.0,0.0,0.0,0.0,0.0,0.0,0.0,0.0
25.0,126.0,0.0,0.0,0.0,0.0,0.0,0.0,0.0,0.0,0.0
25.0,129.0,0.0,0.0,0.0,0.0,0.0,0.0,0.0,0.0,0.0
25.0,132.0,0.0,0.0,0.0,0.0,0.0,0.0,0.0,0.0,0.0
25.0,135.0,0.0,0.0,0.0,0.0,0.0,0.0,0.0,0.0,0.0
25.0,138.0,0.0,0.0,0.0,0.0,0.0,0.0,0.0,0.0,0.0
25.0,141.0,0.0,0.0,0.0,0.0,0.0,0.0,0.0,0.0,0.0
25.0,144.0,0.0,0.0,0.0,0.0,0.0,0.0,0.0,0.0,0.0
25.0,147.0,0.0,0.0,0.0,0.0,0.0,0.0,0.0,0.0,0.0
25.0,150.0,0.0,0.0,0.0,0.0,0.0,0.0,0.0,0.0,0.0
25.0,153.0,0.0,0.0,0.0,0.0,0.0,0.0,0.0,0.0,0.0
25.0,156.0,0.0,0.0,0.0,0.0,0.0,0.0,0.0,0.0,0.0
25.0,159.0,0.0,0.0,0.0,0.0,0.0,0.0,0.0,0.0,0.0
25.0,162.0,0.0,0.0,0.0,0.0,0.0,0.0,0.0,0.0,0.0
25.0,165.0,0.0,0.0,0.0,0.0,0.0,0.0,0.0,0.0,0.0
25.0,168.0,0.0,0.0,0.0,0.0,0.0,0.0,0.0,0.0,0.0
25.0,171.0,0.0,0.0,0.0,0.0,0.0,0.0,0.0,0.0,0.0
25.0,174.0,0.0,0.0,0.0,0.0,0.0,0.0,0.0,0.0,0.0
25.0,177.0,0.0,0.0,0.0,0.0,0.0,0.0,0.0,0.0,0.0
25.0,180.0,0.0,0.0,0.0,0.0,0.0,0.0,0.0,0.0,0.0
25.0,183.0,0.0,0.0,0.0,0.0,0.0,0.0,0.0,0.0,0.0
25.0,186.0,0.0,0.0,0.0,0.0,0.0,0.0,0.0,0.0,0.0
25.0,189.0,0.0,0.0,0.0,0.0,0.0,0.0,0.0,0.0,0.0
25.0,192.0,0.0,0.0,0.0,0.0,0.0,0.0,0.0,0.0,0.0
25.0,195.0,0.0,0.0,0.0,0.0,0.0,0.0,0.0,0.0,0.0
25.0,198.0,0.0,0.0,0.0,0.0,0.0,0.0,0.0,0.0,0.0
25.0,201.0,0.0,0.0,0.0,0.0,0.0,0.0,0.0,0.0,0.0
25.0,204.0,0.0,0.0,0.0,0.0,0.0,0.0,0.0,0.0,0.0
25.0,207.0,0.0,0.0,0.0,0.0,0.0,0.0,0.0,0.0,0.0
25.0,210.0,0.0,0.0,0.0,0.0,0.0,0.0,0.0,0.0,0.0
25.0,213.0,0.0,0.0,0.0,0.0,0.0,0.0,0.0,0.0,0.0
25.0,216.0,0.0,0.0,0.0,0.0,0.0,0.0,0.0,0.0,0.0
25.0,219.0,0.0,0.0,0.0,0.0,0.0,0.0,0.0,0.0,0.0
25.0,222.0,0.0,0.0,0.0,0.0,0.0,0.0,0.0,0.0,0.0
25.0,225.0,0.0,0.0,0.0,0.0,0.0,0.0,0.0,0.0,0.0
25.0,228.0,0.0,0.0,0.0,0.0,0.0,0.0,0.0,0.0,0.0
25.0,231.0,0.0,0.0,0.0,0.0,0.0,0.0,0.0,0.0,0.0
25.0,234.0,0.0,0.0,0.0,0.0,0.0,0.0,0.0,0.0,0.0
25.0,237.0,0.0,0.0,0.0,0.0,0.0,0.0,0.0,0.0,0.0
25.0,240.0,0.0,0.0,0.0,0.0,0.0,0.0,0.0,0.0,0.0
25.0,243.0,0.0,0.0,0.0,0.0,0.0,0.0,0.0,0.0,0.0
25.0,246.0,0.0,0.0,0.0,0.0,0.0,0.0,0.0,0.0,0.0
25.0,249.0,0.0,0.0,0.0,0.0,0.0,0.0,0.0,0.0,0.0
25.0,252.0,0.0,0.0,0.0,0.0,0.0,0.0,0.0,0.0,0.0
25.0,255.0,0.0,0.0,0.0,0.0,0.0,0.0,0.0,0.0,0.0
25.0,258.0,0.0,0.0,0.0,0.0,0.0,0.0,0.0,0.0,0.0
25.0,261.0,0.0,0.0,0.0,0.0,0.0,0.0,0.0,0.0,0.0
25.0,264.0,0.0,0.0,0.0,0.0,0.0,0.0,0.0,0.0,0.0
25.0,267.0,0.0,0.0,0.0,0.0,0.0,0.0,0.0,0.0,0.0
25.0,270.0,0.0,0.0,0.0,0.0,0.0,0.0,0.0,0.0,0.0
25.0,273.0,0.0,0.0,0.0,0.0,0.0,0.0,0.0,0.0,0.0
25.0,276.0,0.0,0.0,0.0,0.0,0.0,0.0,0.0,0.0,0.0
25.0,279.0,0.0,0.0,0.0,0.0,0.0,0.0,0.0,0.0,0.0
25.0,282.0,0.0,0.0,0.0,0.0,0.0,0.0,0.0,0.0,0.0
25.0,285.0,0.0,0.0,0.0,0.0,0.0,0.0,0.0,0.0,0.0
25.0,288.0,0.0,0.0,0.0,0.0,0.0,0.0,0.0,0.0,0.0
25.0,291.0,0.0,0.0,0.0,0.0,0.0,0.0,0.0,0.0,0.0
25.0,294.0,0.0,0.0,0.0,0.0,0.0,0.0,0.0,0.0,0.0
25.0,297.0,0.0,0.0,0.0,0.0,0.0,0.0,0.0,0.0,0.0
25.0,300.0,0.0,0.0,0.0,0.0,0.0,0.0,0.0,0.0,0.0
25.0,303.0,0.0,0.0,0.0,0.0,0.0,0.0,0.0,0.0,0.0
25.0,306.0,0.0,0.0,0.0,0.0,0.0,0.0,0.0,0.0,0.0
25.0,309.0,0.0,0.0,0.0,0.0,0.0,0.0,0.0,0.0,0.0
25.0,312.0,0.0,0.0,0.0,0.0,0.0,0.0,0.0,0.0,0.0
25.0,315.0,0.0,0.0,0.0,0.0,0.0,0.0,0.0,0.0,0.0
25.0,318.0,0.0,0.0,0.0,0.0,0.0,0.0,0.0,0.0,0.0
25.0,321.0,0.0,0.0,0.0,0.0,0.0,0.0,0.0,0.0,0.0
25.0,324.0,0.0,0.0,0.0,0.0,0.0,0.0,0.0,0.0,0.0
25.0,327.0,0.0,0.0,0.0,0.0,0.0,0.0,0.0,0.0,0.0
25.0,330.0,0.0,0.0,0.0,0.0,0.0,0.0,0.0,0.0,0.0
25.0,333.0,0.0,0.0,0.0,0.0,0.0,0.0,0.0,0.0,0.0
25.0,336.0,0.0,0.0,0.0,0.0,0.0,0.0,0.0,0.0,0.0
25.0,339.0,0.0,0.0,0.0,0.0,0.0,0.0,0.0,0.0,0.0
25.0,342.0,0.0,0.0,0.0,0.0,0.0,0.0,0.0,0.0,0.0
25.0,345.0,0.0,0.0,0.0,0.0,0.0,0.0,0.0,0.0,0.0
25.0,348.0,0.0,0.0,0.0,0.0,0.0,0.0,0.0,0.0,0.0
25.0,351.0,0.0,0.0,0.0,0.0,0.0,0.0,0.0,0.0,0.0
25.0,354.0,0.0,0.0,0.0,0.0,0.0,0.0,0.0,0.0,0.0
25.0,357.0,0.0,0.0,0.0,0.0,0.0,0.0,0.0,0.0,0.0
